date,ticker,market_price,model_price,cheapness,fwd_1w_market_return,is_model_cheap,is_trade_zone,cheapness_bucket
2020-09-16,SHOPCN,1058.75,1163.4058901363771,0.09884853849952976,0.020646989374262237,True,False,3
2020-09-23,SHOPCN,1080.6100000000001,1176.6324515819213,0.08885948823527556,0.03367542406603663,True,False,3
2020-09-30,SHOPCN,1117.0,1219.9708906412634,0.09218521991160554,0.023133393017009896,True,False,3
2020-10-07,SHOPCN,1142.8400000000001,1238.9018207449578,0.0840553539821477,0.013098946484197072,True,False,3
2020-10-14,SHOPCN,1157.81,1242.6531611347184,0.07327900185239242,-0.016963059569359507,True,False,2
2020-10-21,SHOPCN,1138.1699999999998,1214.7270662321696,0.0672632965481165,-0.008619099080102277,True,False,2
2020-10-28,SHOPCN,1128.36,1218.1189131116714,0.07954811683476154,-0.011530008153426197,True,False,3
2020-11-04,SHOPCN,1115.35,1200.205880381145,0.07608004696386354,-0.021383422244138584,True,False,3
2020-11-11,SHOPCN,1091.5,1174.102835914233,0.0756782738563748,-0.019514429683921142,True,False,3
2020-11-18,SHOPCN,1070.2,1169.19849167704,0.09250466424690708,0.037516352083722504,True,False,3
2020-11-25,SHOPCN,1110.35,1204.0238225478424,0.08436422979046475,0.03368307290493999,True,False,3
2020-12-02,SHOPCN,1147.75,1228.009860308953,0.06992799852664167,-0.009627532128076655,True,False,2
2020-12-09,SHOPCN,1136.7,1210.0544889087018,0.0645328485164967,0.031265945280197105,True,False,2
2020-12-16,SHOPCN,1172.24,1263.5503800462302,0.07789392961017384,0.04424861803043756,True,False,3
2020-12-23,SHOPCN,1224.1100000000001,1282.9095568376345,0.048034536796230994,-0.02472000065353608,True,False,2
2020-12-30,SHOPCN,1193.8500000000001,1268.3495783283215,0.06240279627115749,-0.019374293252921282,True,False,2
2021-01-06,SHOPCN,1170.72,1232.1553553142633,0.05247655742984081,0.037822878228782164,True,False,2
2021-01-13,SHOPCN,1215.0,1281.444998888147,0.05468724188324855,0.00804938271604927,True,False,2
2021-01-20,SHOPCN,1224.78,1282.3923401012794,0.04703892952308122,-0.03033197798788345,True,False,2
2021-01-27,SHOPCN,1187.63,1235.0230020721542,0.03990552787665696,0.05350993154433592,True,True,2
2021-02-03,SHOPCN,1251.1799999999998,1291.3018727513631,0.03206722673904898,0.09230486420818762,True,True,1
2021-02-10,SHOPCN,1366.67,1407.5846254413182,0.029937457792530816,-0.01475850058902306,True,True,1
2021-02-17,SHOPCN,1346.5,1385.649239453908,0.02907481578455846,-0.03935388043074639,True,True,1
2021-02-24,SHOPCN,1293.51,1323.1298744428263,0.022898836841482754,-0.049732897310418855,True,True,1
2021-03-03,SHOPCN,1229.18,1281.5423771414446,0.042599437951678795,-0.04814591841715621,True,False,2
2021-03-03,SPOT,979.73,1087.525828162889,0.11002605632458834,-0.02018923580986598,True,False,3
2021-03-10,ABNB,1047.89,1550.793592879793,0.47992021383904127,0.018198475030775985,True,False,4
2021-03-10,SHOPCN,1170.0,1220.8658529768668,0.04347508801441606,0.01538461538461533,True,False,2
2021-03-10,SPOT,959.95,1056.7877300833738,0.1008778895602623,-0.0030730767227460376,True,False,3
2021-03-17,ABNB,1066.96,1609.7112023032687,0.5086893625846036,-0.044978255979605586,True,False,4
2021-03-17,F,1010.79,1115.3244854028069,0.10341859872259018,-0.020568070519098924,True,False,3
2021-03-17,SHOPCN,1188.0,1258.3539752355912,0.05922051787507675,-0.04081649831649836,True,False,2
2021-03-17,SPOT,957.0,1069.8182743553425,0.11788743401812174,-0.028066875653082524,True,False,3
2021-03-24,ABNB,1018.97,1528.3676930519232,0.49991431843128176,0.031237426028244197,True,False,4
2021-03-24,F,990.0,1094.740354855187,0.1057983382375626,0.021525252525252503,True,False,3
2021-03-24,SHOPCN,1139.51,1230.23778100113,0.07961999543762678,0.004537037849602132,True,False,3
2021-03-24,SPOT,930.14,1046.269531514002,0.12485166911862945,0.03084481905949632,True,False,3
2021-03-31,ABNB,1050.8,1552.5999426093058,0.4775408665867014,-0.022011800532927173,True,False,4
2021-03-31,F,1011.31,1094.9028521614437,0.08265799029124969,0.013536897687158378,True,False,3
2021-03-31,SHOPCN,1144.68,1226.6715808917947,0.07162838600464294,0.011479190690848018,True,False,2
2021-03-31,SPOT,958.8299999999999,1048.9712008943518,0.0940116609767653,0.00307666635378534,True,False,3
2021-04-07,ABNB,1027.67,1524.78015094206,0.48372546726289545,-0.015462161978066935,True,False,4
2021-04-07,F,1025.0,1115.677513356657,0.08846586668942154,-0.01361951219512203,True,False,3
2021-04-07,SHOPCN,1157.82,1251.220767356573,0.08066950593060508,0.003791608367449184,True,False,3
2021-04-07,SPOT,961.78,1061.2151966681886,0.10338663381250246,-0.00745492732225661,True,False,3
2021-04-14,ABNB,1011.78,1510.921225977426,0.49332980092255835,-0.03267508746960801,True,False,4
2021-04-14,F,1011.04,1093.5617693677484,0.08162067709264564,-0.026408450704225372,True,False,3
2021-04-14,SHOPCN,1162.21,1259.9785060791544,0.08412292621742572,-0.02553755345419506,True,False,3
2021-04-14,SPOT,954.61,1067.9676406351296,0.11874759392330851,-0.02536114224657182,True,False,3
2021-04-21,ABNB,978.72,1478.2906554875867,0.5104326625465778,0.03348250776524431,True,False,4
2021-04-21,F,984.3399999999999,1072.9541642286815,0.09002393911522605,0.03381961517361898,True,False,3
2021-04-21,SHOPCN,1132.53,1244.278478662368,0.09867153952863758,0.08140181717040607,True,False,3
2021-04-21,SPOT,930.4000000000001,1044.8406402894564,0.12300154803251963,-0.0030309544282031142,True,False,3
2021-04-28,ABNB,1011.49,1518.4776328936528,0.5012285172306723,-0.04105824081305809,True,False,4
2021-04-28,F,1017.6300000000001,1100.056582524565,0.08099857760145139,-0.02813399762192559,True,False,3
2021-04-28,SHOPCN,1224.72,1312.0952061508974,0.07134300587146236,-0.0588950943889216,True,False,2
2021-04-28,SPOT,927.5799999999999,1032.8437270881436,0.113482100830272,-0.018370383147545133,True,False,3
2021-05-05,ABNB,969.9599999999999,1456.925404349476,0.5020468930156666,-0.05006392016165606,True,False,4
2021-05-05,F,989.0,1068.5315902305583,0.08041616807943207,-0.008523761375126337,True,False,3
2021-05-05,SHOPCN,1152.59,1235.0740431359905,0.07156408014644457,-0.004017039884087081,True,False,2
2021-05-05,SPOT,910.54,1018.523114841908,0.11859239005634897,-0.01616623102774184,True,False,3
2021-05-12,ABNB,921.4,1374.553686204985,0.49180994812783274,-0.0015519861080963704,True,False,4
2021-05-12,F,980.57,1053.4590758467189,0.07433337328973842,0.02108977431493919,True,False,2
2021-05-12,SHOPCN,1147.96,1215.6430549111928,0.05895941924038539,0.0225356284191085,True,False,2
2021-05-12,SPOT,895.8199999999999,1002.5801832045672,0.11917593177710621,-0.016576990913353185,True,False,3
2021-05-19,ABNB,919.97,1366.2939339856498,0.48515053097997735,0.004924073611096036,True,False,4
2021-05-19,F,1001.25,1083.0227056141714,0.08167061734249328,0.07085143570536845,True,False,3
2021-05-19,SHOPCN,1173.83,1254.635489847942,0.06883917590106063,0.024850276445481878,True,False,2
2021-05-19,SPOT,880.9699999999999,997.4912724291556,0.13226474503008698,0.03806031987468361,True,False,3
2021-05-26,ABNB,924.5,1354.2543873864274,0.4648506083141454,0.027928610059491543,True,False,4
2021-05-26,F,1072.19,1158.720588530693,0.08070452861031437,0.03906024118859519,True,False,3
2021-05-26,SHOPCN,1203.0,1288.9590574674546,0.07145391310677857,0.0019285120532002153,True,False,2
2021-05-26,SPOT,914.5,1014.2960174057748,0.10912631755688881,0.0032804811372335596,True,False,3
2021-06-02,ABNB,950.3199999999999,1405.326279793425,0.4787927011884683,-0.007555349776917297,True,False,4
2021-06-02,F,1114.07,1202.9715575903333,0.07979889736761009,0.023275018625400712,True,False,3
2021-06-02,SHOPCN,1205.32,1283.7081675631762,0.0650351504689014,-0.014884014203696783,True,False,2
2021-06-02,SPOT,917.5,1014.4760426846908,0.10569595932936328,-0.0035095367847411962,True,False,3
2021-06-09,ABNB,943.1399999999999,1382.2543354316308,0.4655876491630415,0.0037004050300062374,True,False,4
2021-06-09,F,1140.0,1230.255674624983,0.07917164440787976,-0.017017543859649154,True,False,3
2021-06-09,SHOPCN,1187.38,1277.8011365089412,0.07615181029572766,0.06603614681062497,True,False,3
2021-06-09,SPOT,914.28,1013.0487206676988,0.10802896341131694,0.00240626503915653,True,False,3
2021-06-16,ABNB,946.63,1387.0503987522102,0.4652508358621744,-0.004859343143572503,True,False,4
2021-06-16,F,1120.6,1204.631674982061,0.07498810903271558,0.0067642334463682285,True,False,2
2021-06-16,SHOPCN,1265.79,1345.880781485663,0.06327335615359815,0.04465985669028827,True,False,2
2021-06-16,SPOT,916.48,1011.199403793068,0.10335130476722673,0.009230970670391025,True,False,3
2021-06-23,ABNB,942.03,1392.376448729435,0.47805956151018014,0.00028661507595306723,True,False,4
2021-06-23,F,1128.18,1223.8011944956677,0.08475703743699375,-0.019172472477796187,True,False,3
2021-06-23,SHOPCN,1322.32,1413.0587263810023,0.06862085303179441,-0.014512372194325218,True,False,2
2021-06-23,SPOT,924.94,1024.7678460034351,0.10792899647916088,0.012292689255519074,True,False,3
2021-06-30,ABNB,942.3000000000001,1394.3512549758766,0.4797317786011636,-0.010495595882415443,True,False,4
2021-06-30,F,1106.55,1196.6055672886728,0.08138409225852679,-0.016465591252089906,True,False,3
2021-06-30,SHOPCN,1303.1299999999999,1392.8296989738596,0.0688340372594137,0.02016682909609946,True,False,2
2021-06-30,SPOT,936.31,1042.4377289828185,0.1133467857684085,-0.0057993613226389185,True,False,3
2021-07-07,ABNB,932.41,1363.89916417803,0.46276762816575345,-0.00837614354200411,True,False,4
2021-07-07,F,1088.33,1170.2002274747028,0.07522555426635572,-0.0025543722951676395,True,False,3
2021-07-07,SHOPCN,1329.41,1425.0624434511265,0.07195104854869933,-0.013923469809915656,True,False,2
2021-07-07,SPOT,930.8799999999999,1030.5325108857262,0.10705194105118418,-0.012901770367823917,True,False,3
2021-07-14,ABNB,924.5999999999999,1344.484742507846,0.454125830097173,0.005061648280337616,True,False,4
2021-07-14,F,1085.5500000000002,1170.0638507833812,0.07785348513046936,-0.003961125696651635,True,False,3
2021-07-14,SHOPCN,1310.9,1394.7915930019317,0.06399541765346829,0.021710275383324484,True,False,2
2021-07-14,SPOT,918.87,1024.5648630708529,0.11502700389701793,-0.005572061336206469,True,False,3
2021-07-21,ABNB,929.28,1344.1604250287453,0.4464536254183296,0.007715650826446208,True,False,4
2021-07-21,F,1081.25,1168.993902184906,0.08115042976638695,-0.015056647398843936,True,False,3
2021-07-21,SHOPCN,1339.3600000000001,1451.2179731845144,0.08351598762432379,0.00011946004061624826,True,False,3
2021-07-21,SPOT,913.75,1022.7352126255196,0.11927246251766849,-0.017367989056087607,True,False,3
2021-07-28,ABNB,936.4499999999999,1355.6981735381896,0.4476994751862777,0.0025949062950505475,True,False,4
2021-07-28,F,1064.97,1156.7830737662891,0.08621188743935426,-0.01707090340572981,True,False,3
2021-07-28,SHOPCN,1339.52,1434.8047955657312,0.0711335370623292,-0.01158623984710938,True,False,2
2021-07-28,SPOT,897.88,1005.1895470670156,0.11951435277210275,-0.0034414398360582688,True,False,3
2021-08-04,ABNB,938.8800000000001,1367.141131775457,0.4561404351732457,-0.002801209952283723,True,False,4
2021-08-04,F,1046.79,1134.296149240814,0.08359475084860767,0.018962733690616185,True,False,3
2021-08-04,SHOPCN,1324.0,1443.6784685803937,0.0903915925833789,-0.0030211480362537513,True,False,3
2021-08-04,SPOT,894.79,1001.406023658118,0.11915200623399684,-0.009287095296102943,True,False,3
2021-08-11,ABNB,936.25,1361.2004904176383,0.4538857040508821,0.012849132176234956,True,False,4
2021-08-11,F,1066.64,1158.2724692677525,0.08590758762820859,-0.023156828920723016,True,False,3
2021-08-11,SHOPCN,1320.0,1404.3414104440922,0.06389500791219103,-0.012257575757575578,True,False,2
2021-08-11,SPOT,886.48,993.593629338826,0.12083028307330784,-0.006271997112174077,True,False,3
2021-08-18,ABNB,948.28,1356.914969486607,0.43092226925233806,0.026047159066942216,True,False,4
2021-08-18,F,1041.94,1118.833200068103,0.07379810744198605,0.0020346661036143576,True,False,2
2021-08-18,SHOPCN,1303.8200000000002,1406.773180006369,0.07896272492090084,0.008743538218465519,True,False,3
2021-08-18,SPOT,880.92,988.4070366391352,0.1220167968023603,0.018821232347999928,True,False,3
2021-08-25,ABNB,972.98,1395.222424797364,0.4339682468266193,-0.009383543341075828,True,False,4
2021-08-25,F,1044.06,1125.22599916326,0.07774074206775476,-0.002902132061375795,True,False,3
2021-08-25,SHOPCN,1315.2199999999998,1434.8747459990311,0.09097698179698556,0.010591383950974143,True,False,3
2021-08-25,SPOT,897.5,1002.3836240477162,0.11686197665483704,0.012813370473537589,True,False,3
2021-09-01,ABNB,963.85,1382.0982960491838,0.43393504803567334,0.01845722882191203,True,False,4
2021-09-01,F,1041.03,1124.951750540016,0.08061415188804942,-0.004226583287705532,True,False,3
2021-09-01,SHOPCN,1329.1499999999999,1428.6786768437237,0.07488144817644647,-0.026437949065191813,True,False,2
2021-09-01,SPOT,909.0,1013.3477626913908,0.11479401836236613,0.016457645764576423,True,False,3
2021-09-08,ABNB,981.64,1400.9012693121183,0.42710287815504494,-0.0015993643290819204,True,False,4
2021-09-08,F,1036.6299999999999,1121.435926057922,0.081809253116273,-0.005826572644048511,True,False,3
2021-09-08,SHOPCN,1294.0100000000002,1397.258646157122,0.07978968180858091,-0.00363984822373864,True,False,3
2021-09-08,SPOT,923.96,1022.031133245999,0.10614218499285565,-0.010617342742110014,True,False,3
2021-09-15,ABNB,980.07,1405.7337313371424,0.4343197234250027,0.007315803973185542,True,False,4
2021-09-15,F,1030.59,1130.3514743167357,0.0968003515624407,0.013167214896321555,True,False,3
2021-09-15,SHOPCN,1289.3000000000002,1395.8750023259083,0.08266113575266279,-0.016078492205072736,True,False,3
2021-09-15,SPOT,914.1500000000001,1016.4313959820112,0.11188688506482641,-0.004572553738445673,True,False,3
2021-09-22,ABNB,987.24,1411.7461106262872,0.4299928189966849,0.0008711154329241744,True,False,4
2021-09-22,F,1044.1599999999999,1130.5237180025908,0.08271119177385745,0.03936178363469223,True,False,3
2021-09-22,SHOPCN,1268.57,1389.733307112518,0.09551172352532235,-0.03818472768550396,True,False,3
2021-09-22,SPOT,909.97,1008.3150620254604,0.10807505964532937,-0.009395914151016038,True,False,3
2021-09-29,ABNB,988.1,1397.7297971539306,0.414563098020373,-0.0030664912458252536,True,False,4
2021-09-29,F,1085.26,1175.836471826242,0.08346061941492537,-0.007878296445091415,True,False,3
2021-09-29,SHOPCN,1220.13,1325.9343655609778,0.08671564961190828,9.015432781733779e-05,True,False,3
2021-09-29,SPOT,901.42,992.271957971257,0.10078759953324433,0.012291717512369349,True,False,3
2021-10-06,ABNB,985.07,1391.6421696921404,0.41273429268188083,0.009999289390601795,True,False,4
2021-10-06,F,1076.71,1167.8717449153391,0.08466694366666894,0.05413713999126957,True,False,3
2021-10-06,SHOPCN,1220.24,1325.8989184513057,0.08658863703149026,0.019471579361437064,True,False,3
2021-10-06,SPOT,912.5,1001.0036810695292,0.09699033541866213,0.0051616438356165695,True,False,3
2021-10-13,ABNB,994.9200000000001,1404.289549722473,0.41145976533035117,-0.0037590962087404867,True,False,4
2021-10-13,F,1135.0,1230.844726106992,0.08444469260527937,0.010017621145374411,True,False,3
2021-10-13,SHOPCN,1244.0,1347.2949711468582,0.08303454272255481,0.02893890675241151,True,False,3
2021-10-13,SPOT,917.21,1006.7607595058408,0.09763386738679343,0.00031617623008894924,True,False,3
2021-10-20,ABNB,991.18,1385.2538334639105,0.39758049341583823,-0.0016646824996469078,True,False,4
2021-10-20,F,1146.37,1254.9380692617146,0.09470595816509048,-0.016120449767526912,True,False,3
2021-10-20,SHOPCN,1280.0,1388.73274667975,0.08494745834355477,-0.043343750000000014,True,False,3
2021-10-20,SPOT,917.5,1008.9250996037644,0.09964588512671864,0.027051771117166057,True,False,3
2021-10-27,ABNB,989.53,1379.520923869064,0.39411733233864976,0.004486978666639718,True,False,4
2021-10-27,F,1127.89,1229.6218399329452,0.09019659712644419,0.10327248224560881,True,False,3
2021-10-27,SHOPCN,1224.52,1324.3865592429026,0.08155567834163809,0.04296377356025216,True,False,3
2021-10-27,SPOT,942.3199999999999,1028.077781265813,0.09100706900608396,0.025713133542745625,True,False,3
2021-11-03,ABNB,993.97,1386.8798185661608,0.3952934379972844,0.04564524080203625,True,False,4
2021-11-03,F,1244.37,1389.316339189247,0.11648170495049469,0.049647612848268796,True,False,3
2021-11-03,SHOPCN,1277.1299999999999,1391.070842004813,0.08921632253945411,0.01634132782097364,True,False,3
2021-11-03,SPOT,966.55,1050.6340072249952,0.08699395502042861,-0.02229579432000406,True,False,3
2021-11-10,ABNB,1039.34,1442.1342592508097,0.38754811635346453,0.013835703427174995,True,False,4
2021-11-10,F,1306.15,1427.8360489098209,0.09316391602022799,0.012900509129885496,True,False,3
2021-11-10,SHOPCN,1298.0,1380.9727455186212,0.06392353275702711,0.04330508474576278,True,False,2
2021-11-10,SPOT,945.0,1024.1788875393818,0.08378718258135638,-0.001322751322751281,True,False,3
2021-11-17,ABNB,1053.72,1459.559209696335,0.38514900514020334,-0.041215882777208446,True,False,4
2021-11-17,F,1323.0,1460.2325217457924,0.10372828552214088,0.015804988662131425,True,False,3
2021-11-17,SHOPCN,1354.21,1467.1948347945272,0.08343228509206634,-0.017907119279875316,True,False,3
2021-11-17,SPOT,943.75,1025.6995403798346,0.08683395007134793,-0.026797350993377433,True,False,3
2021-11-24,ABNB,1010.29,1392.9988002006337,0.3788108366910825,-0.029931999722851876,True,False,4
2021-11-24,F,1343.9099999999999,1511.9424949667937,0.12503255051811046,-0.022888437469770873,True,False,3
2021-11-24,SHOPCN,1329.96,1459.538376381273,0.09743028089662326,-0.036813137237210136,True,False,3
2021-11-24,SPOT,918.46,1002.6209729622242,0.09163270361499047,-0.01841125362019036,True,False,3
2021-12-01,ABNB,980.05,1344.821958877044,0.3721972949105086,0.03965103821233629,True,False,4
2021-12-01,F,1313.15,1475.6784461472248,0.12376990149428832,0.016167231466321264,True,False,3
2021-12-01,SHOPCN,1281.0,1375.2691615925455,0.07359029008005115,0.005854800936768045,True,False,2
2021-12-01,SPOT,901.55,989.3085179189164,0.09734182010860905,0.020697687316288738,True,False,3
2021-12-08,ABNB,1018.9100000000001,1407.5573114583324,0.38143438719644746,-0.030297082176050982,True,False,4
2021-12-08,F,1334.3799999999999,1485.6730119694678,0.11338075508435971,0.009652422848064335,True,False,3
2021-12-08,SHOPCN,1288.5,1401.715349574754,0.08786600665483438,-0.07563833915405516,True,False,3
2021-12-08,SPOT,920.21,999.7667957535284,0.08645504368951476,-0.024603079731800315,True,False,3
2021-12-15,ABNB,988.04,1349.5330670568164,0.36586885860574114,-0.012205983563418399,True,False,4
2021-12-15,F,1347.26,1507.1549228024296,0.11868156317446493,0.0001781393346496074,True,False,3
2021-12-15,LCID,1020.71,1476.6278932460257,0.4466674111608837,-0.023091769454595346,True,False,4
2021-12-15,SHOPCN,1191.04,1326.907728945023,0.11407486645706538,0.04690018807092966,True,False,3
2021-12-15,SPOT,897.57,987.1167457568336,0.09976575170385986,0.01680091803424788,True,False,3
2021-12-22,ABNB,975.98,1352.3055333752193,0.38558734131357125,0.011434660546322695,True,False,4
2021-12-22,F,1347.5,1504.64180694398,0.11661729643338041,0.018538033395176345,True,False,3
2021-12-22,LCID,997.14,1434.4503016796957,0.4385645964254726,-0.02524219267103911,True,False,4
2021-12-22,SHOPCN,1246.9,1335.6463163858746,0.0711735635462944,0.013513513513513375,True,False,2
2021-12-22,SPOT,912.65,995.0772165338808,0.09031634967827845,0.0,True,False,3
2021-12-29,ABNB,987.14,1341.1992145044549,0.3586717329907155,0.0009522458820432345,True,False,4
2021-12-29,F,1372.48,1528.2542566065035,0.11349838001756202,0.09766262532058745,True,False,3
2021-12-29,LCID,971.97,1401.2287616755489,0.44163787120543724,0.0019136393098551086,True,False,4
2021-12-29,SHOPCN,1263.75,1337.524175673916,0.0583771914333658,-0.06656379821958469,True,False,2
2021-12-29,SPOT,912.65,990.890650818328,0.08572908652640997,-0.009313537500684643,True,False,3
2022-01-05,ABNB,988.08,1318.6399924768807,0.334547802280059,-0.008086389766010837,True,False,4
2022-01-05,F,1506.52,1714.2220278298637,0.1378687490573399,0.023285452566178977,True,False,3
2022-01-05,LCID,973.8299999999999,1390.1824670696517,0.4275412208184712,0.053520635018432516,True,False,4
2022-01-05,SHOPCN,1179.6299999999999,1239.1609113201898,0.05046574885361507,-0.01405525461373458,True,False,2
2022-01-05,SPOT,904.1500000000001,982.0213853139768,0.08612662203614078,0.013382735165625048,True,False,3
2022-01-12,ABNB,980.09,1334.853573376965,0.3619704041230549,-0.02804844453060429,True,False,4
2022-01-12,F,1541.6,1764.0396003454057,0.1442913857974869,-0.05540347690710945,True,False,3
2022-01-12,LCID,1025.95,1527.50082245686,0.4888647813800478,-0.04908621277840064,True,False,4
2022-01-12,SHOPCN,1163.0500000000002,1225.6003982569018,0.05378134926005042,-0.030067494948626483,True,False,2
2022-01-12,SPOT,916.25,981.905162073135,0.07165638425444473,-0.023956343792632895,True,False,2
2022-01-19,ABNB,952.6,1283.8539438050163,0.3477366615631076,-0.0217929876128492,True,False,4
2022-01-19,F,1456.19,1637.769367248361,0.12469483188894374,-0.08018871163790442,True,False,3
2022-01-19,LCID,975.5899999999999,1435.4925881625095,0.47140969891297535,-0.08849004192334886,True,False,4
2022-01-19,SHOPCN,1128.0800000000002,1162.4247698791442,0.03044533178422097,-0.06795617332104109,True,True,1
2022-01-19,SPOT,894.3000000000001,960.3070486759505,0.07380861978748784,-0.03582690372358277,True,False,2
2022-01-26,ABNB,931.8399999999999,1245.6655964927254,0.336780559422997,0.02702180631868134,True,False,4
2022-01-26,F,1339.42,1484.461499894571,0.10828679569856427,0.025578235355601553,True,False,3
2022-01-26,LCID,889.26,1330.1930885789434,0.49584271031975286,-0.07023817556170286,True,False,4
2022-01-26,SHOPCN,1051.42,1097.7404257645082,0.044055111910091274,-0.006705217705579303,True,False,2
2022-01-26,SPOT,862.26,938.1334745474496,0.08799373106423775,0.022591793658525372,True,False,3
2022-02-02,ABNB,957.02,1273.3558324609653,0.3305425513165507,0.01743955194248814,True,False,4
2022-02-02,F,1373.6799999999998,1503.6510244522103,0.09461521202333185,-0.07590559664550678,True,False,3
2022-02-02,LCID,826.8000000000001,1247.298503000009,0.5085855140300061,-0.005841799709724316,True,False,4
2022-02-02,SHOPCN,1044.37,1107.8520427204692,0.060785011749159096,0.01864281815831559,True,False,2
2022-02-02,SPOT,881.74,950.2579625177752,0.07770767178281039,-0.007485199718737956,True,False,3
2022-02-09,ABNB,973.7099999999999,1315.1960061967493,0.35070606874402993,0.03598607388236763,True,False,4
2022-02-09,F,1269.41,1373.1829236357237,0.08174894134733741,-0.029076500106348657,True,False,3
2022-02-09,LCID,821.97,1254.9522775871767,0.526761655032637,-0.023930313758409594,True,False,4
2022-02-09,SHOPCN,1063.84,1117.637419397613,0.05056908877050413,-0.07645886599488638,True,False,2
2022-02-09,SPOT,875.14,932.9140061254254,0.06601687287225523,-0.005873345978929079,True,False,2
2022-02-16,ABNB,1008.75,1360.3929596733028,0.34859277291033736,-0.06909541511772,True,False,4
2022-02-16,F,1232.5,1351.8671408889445,0.09684960721212536,-0.028754563894523355,True,False,3
2022-02-16,LCID,802.3000000000001,1255.1824383866715,0.5644801675017717,-0.07363828991649013,True,False,4
2022-02-16,SHOPCN,982.5,1049.2047505099015,0.06789287583704987,-0.02499745547073795,True,False,2
2022-02-16,SPOT,870.0,921.4308767137946,0.05911595024574097,-0.007183908045977017,True,False,2
2022-02-23,ABNB,939.05,1249.8649571086034,0.33098871956616105,0.006336190831159216,True,False,4
2022-02-23,F,1197.06,1292.8553154309352,0.08002549198113316,0.03922109167460275,True,False,3
2022-02-23,LCID,743.22,1188.177936429512,0.5986894007555126,0.0036193859153412777,True,False,4
2022-02-23,SHOPCN,957.9399999999999,1009.088178658744,0.05339392723839081,0.0013362005971147006,True,False,2
2022-02-23,SPOT,863.75,909.9845362917176,0.05352768311631564,-0.0016555716353112704,True,False,2
2022-03-02,ABNB,945.0,1273.91698793794,0.34806030469623267,-0.010571428571428565,True,False,4
2022-03-02,F,1244.01,1359.7253509018014,0.09301802308807924,-0.053914357601626994,True,False,3
2022-03-02,LCID,745.91,1170.4189533199185,0.5691155143648946,0.0032309527959135664,True,False,4
2022-03-02,SHOPCN,959.22,1023.3261460438988,0.066831536085464,-0.024009090719542936,True,False,2
2022-03-02,SPOT,862.3199999999999,918.5643913949242,0.06522450064352475,-0.0088482233973467,True,False,2
2022-03-09,ABNB,935.01,1239.2399908836555,0.3253761894350387,0.012374199206425684,True,False,4
2022-03-09,F,1176.94,1262.5631110360323,0.07275061688449048,-0.010535796217309379,True,False,2
2022-03-09,LCID,748.3199999999999,1175.7873384141014,0.5712360199033857,-0.027007162711139343,True,False,4
2022-03-09,SHOPCN,936.19,998.1647879375464,0.06619894245564079,-0.0027131244725964176,True,False,2
2022-03-09,SPOT,854.6899999999999,908.7415351177942,0.06324109924977979,-0.014145479647591386,True,False,2
2022-03-16,ABNB,946.58,1248.5901605836757,0.31905402668942473,0.018857360180861482,True,False,4
2022-03-16,F,1164.54,1268.1262185906237,0.0889503311098148,0.005787692994658755,True,False,3
2022-03-16,LCID,728.1100000000001,1137.9724427858082,0.5629128054631964,0.03794756286824774,True,False,4
2022-03-16,SHOPCN,933.65,1000.5013528420832,0.07160215588505672,0.03357789321480209,True,False,2
2022-03-16,SPOT,842.6,895.9571373033478,0.06332439746421531,0.011559458817944401,True,False,2
2022-03-23,ABNB,964.43,1265.4723807847924,0.3121453923921824,0.0071337473948343,True,False,4
2022-03-23,F,1171.28,1271.1223956663166,0.08524212456997185,0.023410286182637963,True,False,3
2022-03-23,LCID,755.74,1165.9436538871396,0.5427840975562225,0.038717019080636295,True,False,4
2022-03-23,SHOPCN,965.0,1027.7127264700052,0.0649872813160676,-0.00873575129533688,True,False,2
2022-03-23,SPOT,852.3399999999999,898.2135675471752,0.05382073767179213,0.006793063800830668,True,False,2
2022-03-30,ABNB,971.31,1285.553378104306,0.3235253195213742,-0.019118510053432902,True,False,4
2022-03-30,F,1198.7,1300.5345494246812,0.08495415819194227,-0.07018436639693004,True,False,3
2022-03-30,LCID,785.0,1168.7066219298454,0.4887982444966183,-0.05429299363057327,True,False,4
2022-03-30,SHOPCN,956.5699999999999,1023.3626123494888,0.06982511718900748,-0.016496440406870372,True,False,2
2022-03-30,SPOT,858.13,897.5748766864987,0.04596608519280141,-0.01794599885798187,True,False,2
2022-04-06,ABNB,952.74,1249.6679474652906,0.3116568502060274,0.006759451686714213,True,False,4
2022-04-06,F,1114.57,1194.2667760192771,0.07150450489361565,0.006226616542702512,True,False,2
2022-04-06,LCID,742.38,1104.2751071243024,0.48747960225801124,-0.02137719227349877,True,False,4
2022-04-06,SHOPCN,940.79,999.365332349562,0.06226185689639773,-0.011543490045599958,True,False,2
2022-04-06,SPOT,842.73,884.6208113993032,0.04970846107211464,0.0035361266360518506,True,False,2
2022-04-13,ABNB,959.1800000000001,1269.3393881708023,0.32335889840363874,-0.007714923163535614,True,False,4
2022-04-13,F,1121.51,1201.1242293851828,0.07098842576988422,0.021578051020499256,True,False,2
2022-04-13,LCID,726.51,1089.0040341881663,0.498952573520208,-0.003606282088340129,True,False,4
2022-04-13,SHOPCN,929.93,982.9550556340956,0.05702048071800639,-0.009602873334552009,True,False,2
2022-04-13,SPOT,845.71,884.1868756755368,0.04549653625419683,-0.018576107649194262,True,False,2
2022-04-20,ABNB,951.78,1238.7805701718412,0.30154087097001536,-0.030332639895774283,True,False,4
2022-04-20,F,1145.71,1226.0648365960228,0.07013540651301182,-0.047202171579195595,True,False,2
2022-04-20,LCID,723.89,1061.928288364469,0.4669746623996311,-0.037367555844120104,True,False,4
2022-04-20,SHOPCN,921.0,951.7658629985426,0.033404845818178736,-0.051986970684039124,True,True,1
2022-04-20,SPOT,830.0,866.466602668439,0.04393566586558917,-0.019939759036144533,True,False,2
2022-04-27,ABNB,922.91,1201.6912214441636,0.3020676137913379,-0.002860517276874197,True,False,4
2022-04-27,F,1091.6299999999999,1142.651648451365,0.04673895775250322,-0.02243434130612021,True,False,2
2022-04-27,LCID,696.8399999999999,1021.3981045048796,0.4657569951565348,0.0041616439928822135,True,False,4
2022-04-27,SHOPCN,873.12,923.8621867615972,0.05811593682609168,0.0022333699835075382,True,False,2
2022-04-27,SPOT,813.45,856.5398567926942,0.05297173371773821,-0.001167865265228385,True,False,2
2022-05-04,ABNB,920.27,1209.1582184728895,0.3139168053646099,-0.07092483727601684,True,False,4
2022-05-04,F,1067.1399999999999,1147.7384960456086,0.07552757468149328,-0.07910864553854213,True,False,3
2022-05-04,LCID,699.74,1048.9838572938074,0.49910517805728905,-0.13513590762283123,True,False,4
2022-05-04,SHOPCN,875.07,937.5582263820642,0.07140940311296709,-0.050315974722022316,True,False,2
2022-05-04,SPOT,812.5,861.1726799726861,0.05990483688945978,-0.03217230769230783,True,False,2
2022-05-11,ABNB,855.0,1094.4655855462447,0.2800767082412219,0.00476023391812852,True,False,4
2022-05-11,F,982.72,1041.8185743928707,0.060137754795741065,0.009015792901335029,True,False,2
2022-05-11,LCID,605.1800000000001,954.159641690826,0.5766542874695559,-0.010691034072507377,True,False,4
2022-05-11,SHOPCN,831.04,900.0125484081833,0.08299546160014361,0.014776665383134269,True,False,3
2022-05-11,SPOT,786.3599999999999,848.547652647494,0.07908292976180648,0.014166539498448705,True,False,3
2022-05-18,ABNB,859.0699999999999,1069.815524906871,0.24531822192239397,-0.01073253634744542,True,False,4
2022-05-18,F,991.58,1040.2044817940537,0.049037376504219146,0.01076060428810588,True,False,2
2022-05-18,LCID,598.71,1003.9218283045616,0.676808184771528,0.02618964106161581,True,False,4
2022-05-18,SHOPCN,843.3199999999999,907.781268887574,0.07643749571642329,-0.0033439263861878565,True,False,3
2022-05-18,SPOT,797.5,852.7825682354827,0.06931983477803473,0.003974921630093942,True,False,2
2022-05-25,ABNB,849.85,1079.228698758439,0.2699049229375053,0.03262928752132721,True,False,4
2022-05-25,F,1002.25,1040.7243530013095,0.03838798004620555,0.035470192067847295,True,True,2
2022-05-25,LCID,614.39,1009.0124810956116,0.6422996485873983,0.07503377333615457,True,False,4
2022-05-25,SHOPCN,840.5,907.418265739832,0.0796172108742796,0.02889946460440207,True,False,3
2022-05-25,SPOT,800.67,860.0110494078701,0.07411424108293077,0.022581088338516464,True,False,2
2022-06-01,ABNB,877.5799999999999,1088.813282832268,0.24069974570098235,0.0066432689897217845,True,False,4
2022-06-01,F,1037.8,1077.1803595811975,0.03794600075274387,0.003700134900751717,True,True,1
2022-06-01,LCID,660.49,1029.882433955101,0.5592702901710868,-0.01141576708201486,True,False,4
2022-06-01,SHOPCN,864.79,907.9259035140656,0.04988020619348698,0.0019311046612473515,True,False,2
2022-06-01,SPOT,818.75,854.907804653819,0.04416220415733615,0.0,True,False,2
2022-06-08,ABNB,883.41,1103.313280771839,0.24892550545255196,-0.05948540315368844,True,False,4
2022-06-08,F,1041.64,1073.6733167744558,0.030752771374424625,-0.07772358972389704,True,True,1
2022-06-08,LCID,652.95,1025.796265817385,0.5710180960523544,0.0,True,False,4
2022-06-08,SHOPCN,866.46,912.02317166403,0.05258542998410767,-0.03208457401380338,True,False,2
2022-06-08,SPOT,818.75,853.8961951161859,0.04292665052358587,-0.01984732824427482,True,False,2
2022-06-15,ABNB,830.86,1030.2130861068345,0.23993583288018971,-0.0010471078159979275,True,False,3
2022-06-15,F,960.68,1003.3548586993442,0.04442151257374382,-0.032279218886621996,True,False,2
2022-06-15,LCID,652.95,981.672561554942,0.5034421648747102,-0.08308446282257465,True,False,4
2022-06-15,SHOPCN,838.66,886.425875665643,0.056954994474093294,-0.003171726325328472,True,False,2
2022-06-15,SPOT,802.5,837.49328004228,0.043605333386018755,-0.006853582554517179,True,False,2
2022-06-22,ABNB,829.99,1026.911540252619,0.23725772630106268,0.00585549223484616,True,False,3
2022-06-22,F,929.67,969.3071519491066,0.04263572229834955,0.005733217163079507,True,False,2
2022-06-22,LCID,598.6999999999999,984.387685986776,0.6442085952677068,0.007683313846667872,True,False,4
2022-06-22,SHOPCN,836.0,893.8719570021094,0.06922482894989164,0.01649521531100473,True,False,2
2022-06-22,SPOT,797.0,837.633776272853,0.05098340812152192,0.0037641154328733606,True,False,2
2022-06-29,ABNB,834.85,1012.484677081449,0.21277436315679343,-0.0009822123734801735,True,False,3
2022-06-29,F,935.0,971.4366232762754,0.03896965056286143,-0.03592513368983952,True,True,2
2022-06-29,LCID,603.3,974.0564978139388,0.6145474851880306,-0.04657715895905834,True,False,4
2022-06-29,SHOPCN,849.79,893.8957792016721,0.051901974842810734,0.012297155767895696,True,False,2
2022-06-29,SPOT,800.0,839.3953208549932,0.0492441510687415,0.004687499999999956,True,False,2
2022-07-06,ABNB,834.0300000000001,1011.585626603599,0.21288877690682464,0.0041605218037719105,True,False,3
2022-07-06,F,901.4100000000001,950.6564301595948,0.05463266455840821,0.03916087019225434,True,False,2
2022-07-06,LCID,575.2,988.508517774038,0.7185474926530561,0.032684283727399066,True,False,4
2022-07-06,SHOPCN,860.24,896.9260455622687,0.04264629122369181,-0.0071026690225983735,True,False,2
2022-07-06,SPOT,803.75,845.2826413061416,0.05167358171837215,-0.0062208398133748455,True,False,2
2022-07-13,ABNB,837.5,1014.3051547015996,0.2111106324795219,0.028907462686567298,True,False,3
2022-07-13,F,936.71,966.1275282961504,0.03140516093150538,0.03852846665456755,True,True,1
2022-07-13,LCID,594.0,1002.2368034400052,0.6872673458585947,0.06767676767676778,True,False,4
2022-07-13,SHOPCN,854.13,891.6405397490228,0.04391666344587214,0.02313465163382622,True,False,2
2022-07-13,SPOT,798.75,840.715178000219,0.05253856400653396,0.014084507042253502,True,False,2
2022-07-20,ABNB,861.71,1041.2709368065812,0.2083774550679244,0.00474637639112907,True,False,3
2022-07-20,F,972.8,1019.0354998622536,0.047528268772875845,0.027878289473684426,True,False,2
2022-07-20,LCID,634.2,1022.1697373752572,0.6117466688351579,-0.004651529485966699,True,False,4
2022-07-20,SHOPCN,873.89,904.59808613476,0.03513953258963947,-0.01830894048450038,True,True,1
2022-07-20,SPOT,810.0,844.4029753592517,0.04247280908549598,0.014666666666666606,True,False,2
2022-07-27,ABNB,865.8,1047.1393181497174,0.20944712191004555,0.006029106029106002,True,False,3
2022-07-27,F,999.9200000000001,1050.8876530785717,0.050971730817036986,0.10621849747979839,True,False,2
2022-07-27,LCID,631.25,987.9787026613044,0.5651147764931554,0.08354851485148518,True,False,4
2022-07-27,SHOPCN,857.89,906.0261861738392,0.05610997467488743,0.021692757812773245,True,False,2
2022-07-27,SPOT,821.88,855.5326516223327,0.040945942987215475,-0.0019102545383753444,True,False,2
2022-08-03,ABNB,871.02,1065.300261129761,0.22304913908952853,0.015820532249546604,True,False,3
2022-08-03,F,1106.13,1179.5437856208057,0.06636994351550503,0.002142605299557898,True,False,2
2022-08-03,LCID,683.99,1016.9540258779062,0.4867966284271791,-0.06962090089036388,True,False,4
2022-08-03,SHOPCN,876.5,922.9636680368642,0.053010459825287154,-0.0014945807187677351,True,False,2
2022-08-03,SPOT,820.3100000000001,857.8473303578571,0.045759932656991936,0.003072009362314221,True,False,2
2022-08-10,ABNB,884.8000000000001,1070.394532977327,0.20975873980258455,-0.0016500904159132412,True,False,3
2022-08-10,F,1108.5,1143.080901218113,0.03119612198296167,0.023725755525484837,True,True,1
2022-08-10,LCID,636.37,978.3084250574271,0.537326437540153,0.018605528230432045,True,False,4
2022-08-10,SHOPCN,875.19,916.34000146593,0.04701836340215256,-0.005930140883693924,True,False,2
2022-08-10,SPOT,822.83,854.7961703866641,0.03884905799091439,0.0033421241325668483,True,True,2
2022-08-17,ABNB,883.34,1074.3665788943904,0.21625487229650003,-0.02420359091629498,True,False,3
2022-08-17,F,1134.8,1170.3948261812732,0.03136660749142864,-0.025793091293619952,True,True,1
2022-08-17,LCID,648.21,977.686672528858,0.508286932520106,-0.040017895435121464,True,False,4
2022-08-17,SHOPCN,870.0,905.3738228470016,0.04065956649080647,-0.007356321839080415,True,False,2
2022-08-17,SPOT,825.58,849.342154504968,0.028782376638203384,-0.0067588846629037524,True,True,1
2022-08-24,ABNB,861.96,1050.9198775855705,0.21922116755484064,-0.00060327625411849,True,False,3
2022-08-24,F,1105.53,1141.9305117499034,0.03292584710492112,-0.010185160058976184,True,True,1
2022-08-24,LCID,622.27,942.4275841583816,0.5144994683310807,0.0087421858678709,True,False,4
2022-08-24,SHOPCN,863.6,893.4051959129343,0.03451273264582483,-0.012575266327003232,True,True,1
2022-08-24,SPOT,820.0,844.947187072033,0.030423398868332913,-0.001609756097561088,True,True,1
2022-08-31,ABNB,861.44,1042.383119525154,0.21004726913674063,-0.003331630757801074,True,False,3
2022-08-31,F,1094.27,1125.5633873782667,0.028597500962529124,-0.008014475403693821,True,True,1
2022-08-31,LCID,627.71,922.0538700467353,0.46891696810109,-0.009016902709850227,True,False,4
2022-08-31,SHOPCN,852.74,887.0713422403004,0.040260034993433384,-0.005664094565752786,True,False,2
2022-08-31,SPOT,818.68,840.5503120986915,0.026714115525836173,-0.007634240484682642,True,True,1
2022-09-07,ABNB,858.5699999999999,1048.916549049134,0.22170184032651266,0.012497524954284689,True,False,3
2022-09-07,F,1085.5,1136.710863086622,0.047177211503106505,-0.016536158452326144,True,False,2
2022-09-07,LCID,622.05,913.4609891116132,0.46846875510266583,0.056763925729443,True,False,4
2022-09-07,SHOPCN,847.91,886.9096347322329,0.04599501684404353,-0.004906181080539196,True,False,2
2022-09-07,SPOT,812.43,841.1814247627855,0.035389417873275875,0.007397560405204118,True,True,1
2022-09-14,ABNB,869.3000000000001,1067.788011140788,0.22833085372229148,-0.03370528011043372,True,False,3
2022-09-14,F,1067.55,1091.3790009452257,0.022321203639385268,-0.05634396515385698,True,True,1
2022-09-14,LCID,657.36,934.2292799218636,0.42118364354670745,-0.009203480589022872,True,False,4
2022-09-14,SHOPCN,843.75,886.3946629384903,0.05054182274191448,-0.011354074074073961,True,False,2
2022-09-14,SPOT,818.4399999999999,832.0768780680448,0.016662037617962092,-0.009542544352670879,True,True,1
2022-09-21,ABNB,840.0,1029.3185220961484,0.22537919297160525,-0.002630952380952456,True,False,3
2022-09-21,F,1007.4,1009.6333374143604,0.0022169321166968918,-0.047419098669843285,True,True,0
2022-09-21,LCID,651.31,916.586781749611,0.40729726512660797,-0.040410864258187296,True,False,4
2022-09-21,SHOPCN,834.1700000000001,874.6533633970448,0.04853131064057055,-0.016075859836723994,True,False,2
2022-09-21,SPOT,810.63,825.1811724687259,0.017950448994887798,-0.019898103943846168,True,True,1
2022-09-28,ABNB,837.79,1015.289350526045,0.21186616040540598,0.011566144260494848,True,False,3
2022-09-28,F,959.6299999999999,967.117291685474,0.007802269296993773,0.015610183091399943,True,True,0
2022-09-28,LCID,624.99,907.0732520295642,0.45134042469409774,0.0262884206147298,True,False,4
2022-09-28,SHOPCN,820.76,868.4762940742851,0.05813671971622044,0.021004922267167103,True,False,2
2022-09-28,SPOT,794.5,820.8273318863695,0.03313698160650662,0.0035242290748900285,True,True,1
2022-10-05,ABNB,847.48,1016.6173617107592,0.19957681799070082,-0.003339311842167292,True,False,3
2022-10-05,F,974.61,984.416232119345,0.010061698648018121,-0.04302233713998416,True,True,0
2022-10-05,LCID,641.42,903.860117043376,0.4091548705113281,-0.04842380967228954,True,False,4
2022-10-05,SHOPCN,838.0,870.6290933673405,0.03893686559348507,-0.008711217183770992,True,True,2
2022-10-05,SPOT,797.3000000000001,819.8439590818707,0.02827537825394536,-0.008779631255487419,True,True,1
2022-10-12,ABNB,844.6500000000001,1013.1992704048108,0.19954924572877608,0.006381341384005257,True,False,3
2022-10-12,F,932.6800000000001,937.2056988606809,0.004852359716816905,0.017926834498434463,True,True,0
2022-10-12,LCID,610.36,870.8707764813079,0.42681495589702445,-0.021364440657972494,True,False,4
2022-10-12,SHOPCN,830.6999999999999,856.729000009095,0.031333814865890285,0.0019260864331287486,True,True,1
2022-10-12,SPOT,790.3,813.4222644666473,0.029257578725354144,0.016006579779830554,True,True,1
2022-10-19,ABNB,850.0400000000001,1016.9184998827068,0.19631840840749457,-0.0026822267187427418,True,False,3
2022-10-19,F,949.4,960.5294946145876,0.011722661275108128,0.028070360227512303,True,True,0
2022-10-19,LCID,597.3199999999999,856.9435769475374,0.4346473865725867,0.034186030938190726,True,False,4
2022-10-19,SHOPCN,832.3000000000001,855.8175515783032,0.02825609945729081,-0.00036044695422332573,True,True,1
2022-10-19,SPOT,802.95,809.998527072788,0.008778288900663702,-0.007086369014259963,True,True,0
2022-10-26,ABNB,847.76,1016.1888579087732,0.1986751650334685,-0.02505426063980376,True,False,3
2022-10-26,F,976.0500000000001,994.2491187338636,0.01864568283782956,0.038368936017622035,True,True,1
2022-10-26,LCID,617.74,879.8093047123629,0.42423884597462175,0.022420435782044335,True,False,4
2022-10-26,SHOPCN,832.0,862.2566032921164,0.036366109726101485,0.012656250000000036,True,True,1
2022-10-26,SPOT,797.26,812.1591382793396,0.018687929006020097,0.0021824749767955787,True,True,1
2022-11-02,ABNB,826.52,960.7929111824948,0.16245573147957074,-0.0011131007114164593,True,False,3
2022-11-02,F,1013.5,1003.844082865676,-0.009527298603181055,-0.00948199309324127,False,False,0
2022-11-02,LCID,631.59,874.5337326801449,0.38465417862877005,-0.04992162637153863,True,False,4
2022-11-02,SHOPCN,842.53,858.272658282806,0.018684982472797432,-0.0002729873120244086,True,True,1
2022-11-02,SPOT,799.0,804.8117688582264,0.007273803326941678,0.0012515644555695093,True,True,0
2022-11-09,ABNB,825.6,966.2268341470764,0.17033289019752465,0.02976017441860468,True,False,3
2022-11-09,F,1003.89,1019.306057480156,0.01535632138994914,0.03631872017850557,True,True,0
2022-11-09,LCID,600.06,848.0728362964904,0.4133133958212354,0.018898110188981132,True,False,4
2022-11-09,SHOPCN,842.3000000000001,853.5719715861991,0.013382371585182256,0.016561795084886644,True,True,0
2022-11-09,SPOT,800.0,805.7397302231949,0.007174662778993621,0.006250000000000089,True,True,0
2022-11-16,ABNB,850.17,995.0097805580732,0.1703656686992875,-0.015785078278461873,True,False,3
2022-11-16,F,1040.35,1049.2000132607152,0.008506765281602621,-0.00320084586917857,True,True,0
2022-11-16,LCID,611.4,862.4143473066848,0.41055666880386793,-0.08609748119070981,True,False,4
2022-11-16,SHOPCN,856.25,882.3995060924417,0.030539569159055997,-0.002312408759123974,True,True,1
2022-11-16,SPOT,805.0,819.9387699610986,0.018557478212544862,-0.008074534161490732,True,True,1
2022-11-23,ABNB,836.75,974.4462832604332,0.1645608404666068,0.0020914251568568965,True,False,3
2022-11-23,F,1037.02,1057.0361183797386,0.01930157410632254,-0.004358643034849896,True,True,1
2022-11-23,LCID,558.76,850.257008124941,0.5216855324735861,0.010720166082038851,True,False,4
2022-11-23,SHOPCN,854.2700000000001,875.600665926038,0.024969466241396638,0.001170590094466517,True,True,1
2022-11-23,SPOT,798.5,817.2069983973937,0.023427674887155546,0.0050093926111458575,True,True,1
2022-11-30,ABNB,838.5,991.009085353345,0.18188322642020868,-0.0030649970184852826,True,False,3
2022-11-30,F,1032.5,1055.3770630059844,0.022156961749137418,-0.026334140435835263,True,True,1
2022-11-30,LCID,564.75,854.8995295437027,0.5137663205731787,-0.04633908809207632,True,False,4
2022-11-30,SHOPCN,855.27,891.7008288587593,0.04259570528459943,-0.00040922749541072445,True,False,2
2022-11-30,SPOT,802.5,823.6135517390577,0.026309721793218315,0.006230529595015577,True,True,1
2022-12-07,ABNB,835.9300000000001,968.2631363255034,0.15830648059706356,0.008302130561171461,True,False,3
2022-12-07,F,1005.3100000000001,1019.449299724878,0.014064616610675216,0.014791457361410965,True,True,0
2022-12-07,LCID,538.5799999999999,836.9802147989817,0.5540499364977939,-0.05245274611014128,True,False,4
2022-12-07,SHOPCN,854.9200000000001,886.5314321550753,0.03697589500195954,0.008269779628503171,True,True,1
2022-12-07,SPOT,807.5,825.0619609655548,0.021748558471275315,0.0064767801857585905,True,True,1
2022-12-14,ABNB,842.8700000000001,974.4332694158844,0.1560896335329105,-0.012789635412341238,True,False,3
2022-12-14,F,1020.1800000000001,1042.2241790419853,0.021608127038351285,-0.06316532376639417,True,True,1
2022-12-14,LCID,510.33000000000004,830.1526572527771,0.6266977392134051,0.023847314482785542,True,False,4
2022-12-14,SHOPCN,861.99,886.4782113372875,0.02840892740900411,-0.001392127518880737,True,True,1
2022-12-14,SPOT,812.73,828.4084450890277,0.019291086940346387,-0.005438460497336095,True,True,1
2022-12-21,ABNB,832.09,957.2454341498506,0.1504109340934881,-0.0035332716412886933,True,False,3
2022-12-21,F,955.74,962.5275929402948,0.00710192410100525,-0.030907987527988734,True,True,0
2022-12-21,LCID,522.5,816.2149956254847,0.562133962919588,-0.012076555023923352,True,False,4
2022-12-21,SHOPCN,860.79,877.4856648389668,0.019395746743069597,-0.00527422483997253,True,True,1
2022-12-21,SPOT,808.3100000000001,826.1831477646219,0.022111748913933856,0.0003216587695313855,True,True,1
2022-12-28,ABNB,829.1500000000001,942.6015478959716,0.13682873773861368,0.005463426400530436,True,False,3
2022-12-28,F,926.2,925.9640678103054,-0.0002547313643863188,0.03327575037788799,False,False,0
2022-12-28,LCID,516.19,801.9391464708887,0.5535735804081608,0.00011623626959056388,True,False,4
2022-12-28,SHOPCN,856.25,864.140317027559,0.009214968791309822,0.0014598540145984717,True,True,0
2022-12-28,SPOT,808.5699999999999,822.6684556621527,0.017436283391855732,0.007952310869807189,True,True,1
2023-01-04,ABNB,833.68,957.6642691042116,0.14871925571467667,0.020535457249784006,True,False,3
2023-01-04,F,957.02,981.3588626845548,0.025431926902838794,0.05828509331048459,True,True,1
2023-01-04,LCID,516.25,808.9268691569229,0.5669285601102622,0.018440677966101715,True,False,4
2023-01-04,SHOPCN,857.5,878.4919873955862,0.02448045177327836,0.00291545189504383,True,True,1
2023-01-04,SPOT,815.0,828.1131251515918,0.016089724112382596,0.009202453987730008,True,True,0
2023-01-11,ABNB,850.8,974.643849393242,0.14556164714767522,0.00503055947343678,True,False,3
2023-01-11,F,1012.8,1045.316264376684,0.032105316327689724,-0.02224526066350707,True,True,1
2023-01-11,LCID,525.77,838.6549118443934,0.5950984495965791,0.008045343020712581,True,False,4
2023-01-11,SHOPCN,860.0,879.2254058222053,0.022355123049075918,0.0034883720930232176,True,True,1
2023-01-11,SPOT,822.5,838.0605800154665,0.01891863831667658,0.005714285714285783,True,True,1
2023-01-18,ABNB,855.0799999999999,994.0798519661088,0.1625577161974422,-0.0008186368526920118,True,False,3
2023-01-18,F,990.27,1013.2711712114664,0.023227171591047275,0.005281387904308987,True,True,1
2023-01-18,LCID,530.0,851.1898919950239,0.6060186641415546,0.006339622641509557,True,False,4
2023-01-18,SHOPCN,863.0,891.5431933697083,0.03307438397416955,0.01913093858632675,True,True,1
2023-01-18,SPOT,827.2,844.7944003036754,0.021269826285874448,0.007918278529980505,True,True,1
2023-01-25,ABNB,854.38,999.2144852293928,0.16951998552095418,0.01007748308715084,True,False,3
2023-01-25,F,995.5,1034.5678344238945,0.0392444343785982,0.03373179306880947,True,True,2
2023-01-25,LCID,533.36,858.3982223328444,0.60941619606428,0.23175716214189301,True,False,4
2023-01-25,SHOPCN,879.51,914.3352564362692,0.03959620292693571,-0.0019670043546974325,True,True,2
2023-01-25,SPOT,833.75,847.2057440780146,0.016138823481876605,0.007496251874062887,True,True,1
2023-02-01,ABNB,862.99,1022.069724091299,0.18433553585939466,-0.0015527410514605267,True,False,3
2023-02-01,F,1029.08,1086.304502157505,0.0556074378644082,-0.02063007735064326,True,False,2
2023-02-01,LCID,656.97,899.3884448983807,0.36899469518909644,0.03070155410444908,True,False,4
2023-02-01,SHOPCN,877.7800000000001,926.2733570963252,0.055245456830099904,0.003246827223222226,True,False,2
2023-02-01,SPOT,840.0,857.9656630379961,0.021387694092852544,-0.0007380952380952044,True,True,1
2023-02-08,ABNB,861.6500000000001,1019.9040340374248,0.18366394015832962,0.03543201996170131,True,False,3
2023-02-08,F,1007.8499999999999,1059.3655796524208,0.05111433214508202,0.0022820856278216173,True,False,2
2023-02-08,LCID,677.14,888.4349037467714,0.3120402040150802,0.004090734560061371,True,False,4
2023-02-08,SHOPCN,880.63,920.266314041639,0.04500904357294099,0.00496235649478205,True,False,2
2023-02-08,SPOT,839.38,855.4973882944978,0.019201539582189,-0.0030736972527340978,True,True,1
2023-02-15,ABNB,892.1800000000001,1063.1201967079303,0.19159832848520503,-0.021766908023044707,True,False,3
2023-02-15,F,1010.15,960.1929587499992,-0.04945507226649584,-0.039607979013017824,False,False,0
2023-02-15,LCID,679.91,876.2392960669453,0.2887577709799022,-0.022650056625141524,True,False,4
2023-02-15,SHOPCN,885.0,926.999043187584,0.04745654597467118,-0.025423728813559365,True,False,2
2023-02-15,SPOT,836.8000000000001,852.9700524790824,0.019323676480738884,-0.015296367112810794,True,True,1
2023-02-22,ABNB,872.76,1037.4084943055486,0.18865265858374425,-0.014620285072643124,True,False,3
2023-02-22,F,970.14,929.3452386445152,-0.042050385877795735,0.006864988558352492,False,False,0
2023-02-22,LCID,664.51,859.9894029111134,0.2941707467323493,-0.09933635310228583,True,False,4
2023-02-22,SHOPCN,862.5,896.9301124356404,0.03991897093987287,-0.00927536231884063,True,True,2
2023-02-22,SPOT,824.0,848.0898080259979,0.02923520391504594,-0.00182038834951459,True,True,1
2023-03-01,ABNB,860.0,1018.9076532901151,0.1847763410350176,0.014046511627906932,True,False,3
2023-03-01,F,976.8000000000001,918.1435307181714,-0.060049620476892565,0.023730548730548584,False,False,0
2023-03-01,LCID,598.5,839.7971098098333,0.4031697741183513,0.015037593984962516,True,False,4
2023-03-01,SHOPCN,854.5,889.03600068775,0.0404166187100643,-0.0005851375073142595,True,False,2
2023-03-01,SPOT,822.5,843.2189168482896,0.025190172459926576,0.008875379939209838,True,True,1
2023-03-08,ABNB,872.0799999999999,1025.9337105936224,0.17642155604259072,-0.013473534538115617,True,False,3
2023-03-08,F,999.98,941.4591648695748,-0.05852200557053662,-0.050811016220324356,False,False,0
2023-03-08,LCID,607.5,834.1079178451464,0.3730171487162904,-0.04938271604938271,True,False,4
2023-03-08,SHOPCN,854.0,896.6255082058484,0.04991277307476394,0.012880562060889833,True,False,2
2023-03-08,SPOT,829.8000000000001,846.0911036663167,0.019632566481461368,-0.0012653651482286143,True,True,1
2023-03-15,ABNB,860.33,1021.0571904148215,0.18682039498195052,0.012192995710947896,True,False,3
2023-03-15,F,949.1700000000001,909.8074996603324,-0.041470442955074106,0.021945489216894654,False,False,0
2023-03-15,LCID,577.5,846.74829599956,0.4662308155836537,0.008727272727272695,True,False,4
2023-03-15,SHOPCN,865.0,919.3395773227276,0.06282032060430932,0.008554913294797739,True,False,2
2023-03-15,SPOT,828.75,869.4264846051892,0.04908173104698548,0.003016591251885359,True,False,2
2023-03-22,ABNB,870.8199999999999,1039.944905353411,0.19421339123287376,-0.0009186743529087105,True,False,3
2023-03-22,F,970.0,904.6274905307084,-0.06739433965906348,-0.000989690721649561,False,False,0
2023-03-22,LCID,582.54,856.7002536518152,0.47062906178428127,-0.03235829299275572,True,False,4
2023-03-22,SHOPCN,872.4,924.9609420480464,0.06024867268230903,0.00641907381934903,True,False,2
2023-03-22,SPOT,831.25,873.714811840785,0.05108548792876397,0.007350375939849663,True,False,2
2023-03-29,ABNB,870.02,1029.9848996266585,0.183863473973769,0.004287257764189256,True,False,3
2023-03-29,F,969.04,920.7580716819956,-0.04982449467308301,0.026655246429455826,False,False,0
2023-03-29,LCID,563.69,849.3824575537583,0.5068254848476258,0.004843087512639954,True,False,4
2023-03-29,SHOPCN,878.0,926.5869241547751,0.05533818240862773,0.0003986332574030804,True,False,2
2023-03-29,SPOT,837.36,871.3266962713743,0.04056403013205109,0.0031527658354828514,True,False,2
2023-04-05,ABNB,873.75,1028.7537562433238,0.17740057939150075,-0.005550786838340538,True,False,3
2023-04-05,DUK,1017.03,1061.9745316569329,0.044191942869859197,0.004336155275655562,True,False,2
2023-04-05,F,994.8699999999999,941.8882795643904,-0.053254918165800094,0.018424517776191918,False,False,0
2023-04-05,LCID,566.4200000000001,858.9471249072387,0.5164491453466308,0.02272165530878123,True,False,4
2023-04-05,SHOPCN,878.3499999999999,929.3951112059958,0.0581147733887356,0.0018785222291797243,True,False,2
2023-04-05,SPOT,840.0,880.5742498788416,0.04830267842719233,0.004761904761904745,True,False,2
2023-04-12,ABNB,868.9,1018.4001074440316,0.17205674697207002,0.005144435493152244,True,False,3
2023-04-12,DUK,1021.44,1061.7126056486768,0.03942728466544951,-0.005697838345864681,True,True,2
2023-04-12,F,1013.1999999999999,942.7480259328048,-0.06953412363521035,-0.025454007106198162,False,False,0
2023-04-12,LCID,579.29,860.6893537952727,0.48576594416487906,-0.05703533636002689,True,False,4
2023-04-12,SHOPCN,880.0,927.4401182175372,0.05390922524720142,0.002272727272727204,True,False,2
2023-04-12,SPOT,844.0,877.6402397749209,0.03985810399872148,0.0017772511848341832,True,True,2
2023-04-19,ABNB,873.37,1029.0937754912918,0.1783021806236667,-0.005003606718801845,True,False,3
2023-04-19,DUK,1015.62,1031.8751373715877,0.01600513712962298,0.0037021720722316687,True,True,0
2023-04-19,F,987.41,921.5099952470508,-0.06674026468533754,-0.02269573935852376,False,False,0
2023-04-19,LCID,546.25,846.214103781018,0.5491333707661658,-0.016018306636155555,True,False,4
2023-04-19,SHOPCN,882.0,932.3512442236892,0.057087578484908336,0.002902494331065819,True,False,2
2023-04-19,SPOT,845.5,872.643629181098,0.03210364184636079,-0.0017740981667652145,True,True,1
2023-04-26,ABNB,869.0,1020.2263625417412,0.17402343215390242,0.0077100115074797415,True,False,3
2023-04-26,DUK,1019.38,1036.938524565775,0.01722470969194508,-0.001432243128175914,True,True,1
2023-04-26,F,965.0,901.1292531453764,-0.06618730244002444,0.011886010362694321,False,False,0
2023-04-26,LCID,537.5,848.5240423515072,0.5786493811190832,0.0033674418604650036,True,False,4
2023-04-26,SHOPCN,884.5600000000001,931.0011950358004,0.0525020292979564,-0.001198335895812641,True,False,2
2023-04-26,SPOT,844.0,881.2065640433935,0.04408360668648524,0.004348341232227382,True,False,2
2023-05-03,ABNB,875.6999999999999,1034.8094901869824,0.18169406210686595,-0.002809181226447355,True,False,3
2023-05-03,DUK,1017.9200000000001,1038.4204336072455,0.02013953317278906,0.004391307764853858,True,True,1
2023-05-03,F,976.47,916.6145950998848,-0.06129774073972085,0.0015361455037021798,False,False,0
2023-05-03,LCID,539.31,855.2013144624412,0.5857323514536006,-0.07196232222654864,True,False,4
2023-05-03,SHOPCN,883.5,934.2848029875984,0.057481384253082475,0.026598754951895787,True,False,2
2023-05-03,SPOT,847.67,887.9954286124893,0.04757208419843725,0.0023712057758327187,True,False,2
2023-05-10,ABNB,873.24,1022.5779303728012,0.17101590670697772,-0.005828867207182453,True,False,3
2023-05-10,DUK,1022.3900000000001,1042.612630555035,0.019779761690778285,-0.017419966940208864,True,True,1
2023-05-10,F,977.97,919.2202458541294,-0.06007316599268956,-0.015174289599885538,False,False,0
2023-05-10,LCID,500.5,849.6454272311111,0.697593261201021,-0.020979020979020935,True,False,4
2023-05-10,SHOPCN,907.0,993.8955490869956,0.09580545654575041,-0.004343991179713402,True,False,3
2023-05-10,SPOT,849.6800000000001,893.0771823755389,0.05107473681331656,0.0018477544487336406,True,False,2
2023-05-17,ABNB,868.15,1006.6904480031214,0.15958123366137358,-0.0025686805275586533,True,False,3
2023-05-17,DUK,1004.5799999999999,1019.8119717253874,0.015162527350123873,-0.01213442433653844,True,True,0
2023-05-17,F,963.13,903.7509279554122,-0.06165218822442226,0.004776094608204495,False,False,0
2023-05-17,LCID,490.0,848.2274771482953,0.7310764839761128,0.010204081632652962,True,False,4
2023-05-17,SHOPCN,903.06,982.9748751547938,0.08849342807210361,-0.00023254268819350443,True,False,3
2023-05-17,SPOT,851.25,890.2871625095189,0.04585863437241575,0.0014331864904553182,True,False,2
2023-05-24,ABNB,865.92,996.3455750098244,0.15062081371238042,0.0033374907612713223,True,False,3
2023-05-24,DUK,992.3900000000001,1007.5444350021828,0.0152706446076469,-0.0015215792178480125,True,True,0
2023-05-24,F,967.73,894.4282364063108,-0.07574608991525446,0.021338596509356877,False,False,0
2023-05-24,LCID,495.0,845.6690110450699,0.7084222445354946,0.05050505050505061,True,False,4
2023-05-24,SHOPCN,902.8499999999999,973.1282393655772,0.07784043790837603,-0.003533255801074331,True,False,3
2023-05-24,SPOT,852.47,885.7916613553406,0.039088368335942085,0.002967846375825589,True,True,2
2023-05-31,ABNB,868.81,1004.7457407384454,0.15646198908673414,0.008275687434536882,True,False,3
2023-05-31,DUK,990.8799999999999,1006.2136742531465,0.01547480446991217,0.0019174874858713942,True,True,0
2023-05-31,F,988.3799999999999,917.7895044602194,-0.07142040059469079,0.04640927578461729,False,False,0
2023-05-31,LCID,520.0,849.8223899910045,0.6342738269057778,0.11538461538461542,True,False,4
2023-05-31,SHOPCN,899.66,966.9938866509532,0.07484370390031037,0.0067358779983550665,True,False,2
2023-05-31,SPOT,855.0,888.4739218714891,0.03915078581460713,0.0005847953216373547,True,True,2
2023-06-07,ABNB,876.0,1014.7595248423148,0.15840128406656942,0.003070776255707841,True,False,3
2023-06-07,DUK,992.7800000000001,1008.3732338433188,0.015706635753458643,0.0010374906827290697,True,True,0
2023-06-07,F,1034.25,975.3385161558244,-0.056960583847402046,0.029257916364515246,False,False,0
2023-06-07,LCID,580.0,830.7432521537048,0.43231595198914624,0.049568965517241326,True,False,4
2023-06-07,SHOPCN,905.72,972.0926338966538,0.07328162555387285,0.008523605529302536,True,False,2
2023-06-07,SPOT,855.5,885.2900696595395,0.0348218230970655,-0.0029222676797194813,True,True,1
2023-06-14,ABNB,878.69,1031.9899898883943,0.17446424778749534,-0.003926299377482456,True,False,3
2023-06-14,DUK,993.81,1007.0127273816616,0.013284961292059552,-0.004870146205008918,True,True,0
2023-06-14,F,1064.51,1001.54894497809,-0.05914557404055382,-0.011639157922424315,False,False,0
2023-06-14,LCID,608.75,831.4251989228846,0.3657908811874902,-0.001232032854209475,True,False,4
2023-06-14,SHOPCN,913.4399999999999,992.5738468908957,0.08663278035874904,-0.008550096339113633,True,False,3
2023-06-14,SPOT,853.0,886.8941887219771,0.039735273999973175,0.0003516998827666207,True,True,2
2023-06-21,ABNB,875.24,1036.9917809249162,0.18480848787180218,0.0023307892692290277,True,False,3
2023-06-21,DUK,988.97,1007.8665143125965,0.019107267472821647,-0.010546325975509974,True,True,1
2023-06-21,F,1052.1200000000001,995.5657378302589,-0.053752672860264285,0.02847583925787922,False,False,0
2023-06-21,LCID,608.0,823.7689962741853,0.35488321755622576,0.041874999999999885,True,False,4
2023-06-21,SHOPCN,905.63,982.9457255601244,0.08537231050221879,0.006901273146870057,True,False,3
2023-06-21,SPOT,853.3,891.189691231155,0.044403716431683,-0.000937536622524271,True,False,2
2023-06-28,ABNB,877.28,1036.539238752257,0.18153752365522643,0.0011854824001458208,True,False,3
2023-06-28,DUK,978.54,1002.5488589497328,0.02453538838446341,0.005733030841866604,True,True,1
2023-06-28,F,1082.08,1028.4863762889752,-0.04952833774861817,0.020460594410764532,False,False,0
2023-06-28,LCID,633.4599999999999,832.3629831603839,0.3139945429236006,0.03597701512329121,True,False,4
2023-06-28,SHOPCN,911.88,988.0744203197124,0.08355750791739312,0.0012391981401060903,True,False,3
2023-06-28,SPOT,852.5,892.972199916371,0.047474721309526076,-0.0029325513196480912,True,False,2
2023-07-05,ABNB,878.3199999999999,1039.5286019141654,0.18354199143155736,0.0026414063211586125,True,False,3
2023-07-05,DUK,984.1500000000001,1004.0237087532096,0.02019378016888633,0.0005588578976780667,True,True,1
2023-07-05,F,1104.22,1050.3061079825886,-0.0488253174343984,-0.0034775678759668693,False,False,0
2023-07-05,LCID,656.25,838.6603662723895,0.2779586533674507,0.0019047619047618536,True,False,4
2023-07-05,SHOPCN,913.01,983.1837971847262,0.07685983415814313,-0.011971391331968007,True,False,3
2023-07-05,SPOT,850.0,889.267923837747,0.046197557456172995,0.002941176470588225,True,False,2
2023-07-12,ABNB,880.6399999999999,952.665422281362,0.08178758889144501,0.01716933139534893,True,False,3
2023-07-12,DUK,984.7,1010.6384245905144,0.026341448756488663,0.004092617040722946,True,True,1
2023-07-12,F,1100.3799999999999,1048.8561771454383,-0.04682366351129752,-0.04123121103618743,False,False,0
2023-07-12,LCID,657.5,841.6300671158152,0.28004572945371137,0.024714828897338448,True,False,4
2023-07-12,SHOPCN,902.0799999999999,992.500611297954,0.10023569006956602,0.006008336289464511,True,False,3
2023-07-12,SPOT,852.5,895.6304752330367,0.05059293282467647,0.007554252199413636,True,False,2
2023-07-19,ABNB,895.76,963.9155679828298,0.07608686253330109,0.005146467803876176,True,False,3
2023-07-19,DUK,988.73,1009.603713448308,0.021111641649700086,0.004177075642490813,True,True,1
2023-07-19,F,1055.01,1002.4368908766924,-0.0498318585826747,-0.014454839290622856,False,False,0
2023-07-19,LCID,673.75,844.5065447991805,0.25344199599136247,-0.016712430426716107,True,False,4
2023-07-19,SHOPCN,907.5,999.7961766150844,0.10170377588439052,-0.004319559228650127,True,False,3
2023-07-19,SPOT,858.94,904.3027278986726,0.05281245243983581,-0.010408177521130768,True,False,2
2023-07-26,ABNB,900.3700000000001,967.9222376466878,0.07502719731520116,-0.005786509990337363,True,False,3
2023-07-26,DUK,992.86,1018.0074012894072,0.025328244958410233,-0.01010212920250586,True,True,1
2023-07-26,F,1039.76,984.2948355264984,-0.05334419911662455,-0.02530391628837414,False,False,0
2023-07-26,LCID,662.49,841.611745240939,0.27037652680182184,0.005871786743951057,True,False,4
2023-07-26,SHOPCN,903.58,987.2661001065449,0.09261614921373294,-0.005345403838066365,True,False,3
2023-07-26,SPOT,850.0,888.6940220708027,0.045522378906826706,-0.0011764705882353343,True,False,2
2023-08-02,ABNB,895.1600000000001,956.7666909865108,0.0688219882328418,-0.008099110773493123,True,False,2
2023-08-02,DUK,982.83,1010.2530877053382,0.027902167928673484,0.0001729698930639234,True,True,1
2023-08-02,F,1013.45,958.0116132224558,-0.05470263631905296,-0.010113967141941016,False,False,0
2023-08-02,LCID,666.3800000000001,837.4974502439878,0.2567865936012301,-0.005822503676581103,True,False,4
2023-08-02,SHOPCN,898.75,981.7713171803186,0.09237420548575093,-0.010292072322670376,True,False,3
2023-08-02,SPOT,849.0,886.9187590354526,0.044662849276151446,0.0005889281507656108,True,False,2
2023-08-09,ABNB,887.91,946.72938406935,0.06624475911899856,-0.012399905395817146,True,False,2
2023-08-09,DUK,983.0,1013.1289263470106,0.030649975937955883,-0.0019430315361139705,True,True,1
2023-08-09,F,1003.1999999999999,948.7739980641916,-0.054252394274131144,-0.040320972886762285,False,False,0
2023-08-09,LCID,662.5,843.2577550987735,0.2728418944887147,-0.001977358490565906,True,False,4
2023-08-09,SHOPCN,889.5,962.3463012272744,0.08189578552813305,0.0015626756604834036,True,False,3
2023-08-09,SPOT,849.5,886.245865237092,0.04325587432265091,-0.0008122424955857577,True,False,2
2023-08-16,ABNB,876.9,931.060434074696,0.06176352386212341,-0.003227277910822224,True,False,2
2023-08-16,DUK,981.0899999999999,1007.4073590204896,0.026824612441763426,-0.005300227298209115,True,True,1
2023-08-16,F,962.75,914.662090529156,-0.04994849075133109,0.005484289794858377,False,False,0
2023-08-16,LCID,661.19,829.4113589711287,0.2544221161407896,-0.01692403091395822,True,False,4
2023-08-16,SHOPCN,890.89,960.8744589313492,0.07855566785051936,0.0011561472235628312,True,False,3
2023-08-16,SPOT,848.81,880.8094904671067,0.03769923830669613,0.0014019627478469854,True,True,1
2023-08-23,ABNB,874.0699999999999,927.5140132834592,0.061143859511777435,0.0054114659009003585,True,False,2
2023-08-23,DUK,975.89,1004.9548404540568,0.02978290632556622,-0.002192870098064348,True,True,1
2023-08-23,F,968.03,920.0582314771002,-0.049556076281623264,0.006167164240777678,False,False,0
2023-08-23,LCID,650.0,827.3186234590466,0.27279788224468715,-0.0029846153846154744,True,False,4
2023-08-23,SHOPCN,891.92,966.1996911930812,0.08328066552278372,-0.0002578706610458781,True,False,3
2023-08-23,SPOT,850.0,882.8872587269825,0.03869089261997942,0.002941176470588225,True,True,2
2023-08-30,ABNB,878.8,931.7981867174128,0.06030744961016485,0.010229858898497923,True,False,2
2023-08-30,DUK,973.75,1006.2873301141076,0.03341445968072666,-0.0035121951219512226,True,True,1
2023-08-30,F,974.0,923.5910819483277,-0.05175453598734327,-0.00060574948665304,False,False,0
2023-08-30,LCID,648.06,833.0406284945486,0.285437503463489,-0.003225010029935582,True,False,4
2023-08-30,SHOPCN,891.6899999999999,978.0552232820208,0.09685565979434659,0.017764021128419127,True,False,3
2023-08-30,SPOT,852.5,889.2132001843454,0.043065337459642694,0.0,True,False,2
2023-09-06,ABNB,887.79,943.2949190875717,0.06252032472495939,0.005564378963493599,True,False,2
2023-09-06,DUK,970.33,999.1985812274625,0.02975130236874302,0.015139179454412455,True,True,1
2023-09-06,F,973.41,923.2558484951848,-0.05152417943601896,0.027788907038144295,False,False,0
2023-09-06,LCID,645.9699999999999,827.3121984893835,0.2807285144656619,-0.020852361564778432,True,False,4
2023-09-06,SHOPCN,907.53,995.9406830120588,0.09741901977021016,-0.006225689508886689,True,False,3
2023-09-06,SPOT,852.5,891.388853772137,0.04561742377963291,0.0025219941348975095,True,False,2
2023-09-13,ABNB,892.73,948.8545842700232,0.06286848685495414,-0.006250490069785841,True,False,2
2023-09-13,DUK,985.02,1015.8946151105698,0.03134415048483263,0.0006192767659540799,True,True,1
2023-09-13,F,1000.46,945.9080980275988,-0.05452681963536893,-0.008206225136437317,False,False,0
2023-09-13,LCID,632.5,827.0852039546156,0.30764459123259386,-0.01976284584980237,True,False,4
2023-09-13,SHOPCN,901.88,987.8176901586704,0.09528727786254315,-0.011520379651394852,True,False,3
2023-09-13,SPOT,854.6500000000001,891.8645506585567,0.04354361511561062,-0.0053238167670977,True,False,2
2023-09-20,ABNB,887.1500000000001,936.9293531595372,0.05611154050559329,-0.010776080707884828,True,False,2
2023-09-20,DUK,985.63,1014.382781048505,0.0291719824361119,-0.013635948581110613,True,True,1
2023-09-20,F,992.25,937.1360486675354,-0.055544420592052994,-0.009836230788611733,False,False,0
2023-09-20,LCID,620.0,817.9213565515719,0.31922799443801914,-0.022177419354838745,True,False,4
2023-09-20,SHOPCN,891.49,967.973893987304,0.08579332800962881,-0.003466107303503052,True,False,3
2023-09-20,SPOT,850.1,890.2292825058227,0.04720536702249457,0.004058346076932118,True,False,2
2023-09-27,ABNB,877.59,932.493744311108,0.06256195297474672,-0.0061760047402545926,True,False,2
2023-09-27,DUK,972.1899999999999,1005.4949343109364,0.03425763925872151,-0.0035898332630451835,True,True,1
2023-09-27,F,982.49,938.0892570791084,-0.045192055818269516,-0.01861596555690126,False,False,0
2023-09-27,LCID,606.25,818.2557489435928,0.34970020444303973,-0.01512577319587638,True,False,4
2023-09-27,SHOPCN,888.4000000000001,954.095372226507,0.07394796513564492,0.0026677172444844466,True,False,2
2023-09-27,SPOT,853.5500000000001,887.161669957465,0.039378677239136524,-0.0018159451701716955,True,True,2
2023-10-04,ABNB,872.17,926.1656424484174,0.06190953879222798,0.007257759381771978,True,False,2
2023-10-04,DUK,968.7,1001.2262355057608,0.03357720192604596,0.009435325694229446,True,True,1
2023-10-04,F,964.2,927.0671514354684,-0.038511562502107057,0.012974486621033066,False,False,0
2023-10-04,LCID,597.0799999999999,821.3084226523862,0.3755416739002919,-0.023363703356334087,True,False,4
2023-10-04,SHOPCN,890.77,959.3090470327402,0.07694359602674114,0.005702931171907455,True,False,3
2023-10-04,SPOT,852.0,892.2075181165096,0.047191922671959645,0.0,True,False,2
2023-10-11,ABNB,878.5,930.5679577300556,0.059269160762726904,-0.011371656232214034,True,False,2
2023-10-11,DUK,977.84,1011.8616404318028,0.03479264545508752,-0.0033850118628815373,True,True,1
2023-10-11,F,976.71,935.9391934048252,-0.04174300109057428,-0.01851112407981903,False,False,0
2023-10-11,LCID,583.13,822.4421555260818,0.4103924605595353,0.0032068320957590046,True,False,4
2023-10-11,RIVN,1053.0,1418.340003523373,0.34695157029760026,-0.05584995251661928,True,False,4
2023-10-11,SHOPCN,895.8499999999999,966.5412814429149,0.07890972980176922,-0.00597198191661541,True,False,3
2023-10-11,SPOT,852.0,894.0227032216699,0.049322421621678256,0.0032863849765258912,True,False,2
2023-10-18,ABNB,868.51,918.0469939223052,0.05703675711541055,-0.0012089670815534914,True,False,2
2023-10-18,DUK,974.53,983.9157319625388,0.009631034408934343,-0.0032015433080561095,True,True,0
2023-10-18,F,958.63,916.0461182214858,-0.044421603515969854,-0.01216319122080467,False,False,0
2023-10-18,LCID,585.0,806.9539033122707,0.37940838173037716,-0.042735042735042694,True,False,4
2023-10-18,RIVN,994.1899999999999,1334.76534059483,0.3425656470039228,-0.04831068508031666,True,False,4
2023-10-18,SHOPCN,890.5,958.9209887673842,0.07683435010374418,-0.008478382930937611,True,False,3
2023-10-18,SPOT,854.8000000000001,886.3543742769044,0.03691433584102053,-0.0026906878802059886,True,True,1
2023-10-25,ABNB,867.4599999999999,916.0866181823668,0.05605632326835461,-0.0001268069997463206,True,False,2
2023-10-25,DUK,971.4100000000001,986.3956591129164,0.015426708715080473,0.00205886289002577,True,True,0
2023-10-25,F,946.97,911.437446536813,-0.03752236444996886,-0.032176309703580874,False,False,0
2023-10-25,LCID,560.0,804.5561535474128,0.43670741704895144,-0.022321428571428603,True,False,4
2023-10-25,RIVN,946.16,1287.7401848805243,0.3610173595169151,-0.03743552887460888,True,False,4
2023-10-25,SHOPCN,882.95,948.972129489926,0.07477448268863014,0.00278611472903334,True,False,2
2023-10-25,SPOT,852.5,895.2429972123667,0.050138413152336345,0.006826979472140726,True,False,2
2023-11-01,ABNB,867.35,921.6048241606534,0.06255240002381202,0.006594800253646227,True,False,2
2023-11-01,DUK,973.41,993.5516606108214,0.02069185709086759,0.007355585005290655,True,True,1
2023-11-01,F,916.5,870.8537601348116,-0.04980495348083837,0.011456628477905184,False,False,0
2023-11-01,LCID,547.5,807.0755173015991,0.4741105338841993,-0.03196347031963476,True,False,4
2023-11-01,RIVN,910.74,1255.1346269671717,0.37814812895795913,0.053374179238860675,True,False,4
2023-11-01,SHOPCN,885.41,952.49216245232,0.07576395393356758,0.030347522616640976,True,False,3
2023-11-01,SPOT,858.3199999999999,902.3593480827288,0.05130877537833082,0.0031223786000560416,True,False,2
2023-11-08,ABNB,873.07,921.2950251786658,0.05523614965428403,0.0072388239201894855,True,False,2
2023-11-08,DUK,980.57,992.610757133922,0.012279344803453034,4.079260022238351e-05,True,True,0
2023-11-08,F,927.0,874.9393317972515,-0.05616037562324542,0.011175836030205,False,False,0
2023-11-08,LCID,530.0,806.2520179172448,0.5212302224853674,-0.018867924528301883,True,False,4
2023-11-08,RIVN,959.35,1293.5137244166651,0.3483230566703133,0.021441601084067452,True,False,4
2023-11-08,SHOPCN,912.28,996.8982927983276,0.09275473845565793,0.007114043933879932,True,False,3
2023-11-08,SPOT,861.0,905.045820878269,0.051156586385910516,0.0038559814169569773,True,False,2
2023-11-15,ABNB,879.3899999999999,934.8667870263552,0.0630855331836333,0.003354598073664672,True,False,2
2023-11-15,DUK,980.6100000000001,996.7583550456932,0.016467663031881227,0.0028451678037140216,True,True,1
2023-11-15,F,937.36,888.2613350132609,-0.05237973135907132,-0.0057181872492959585,False,False,0
2023-11-15,LCID,520.0,810.4960297170661,0.5586462109943579,-0.019230769230769273,True,False,4
2023-11-15,RIVN,979.9200000000001,1299.554453926925,0.3261842333322361,-0.05015715568617851,True,False,4
2023-11-15,SHOPCN,918.77,1015.9608217070036,0.1057836256157728,0.006356324216071574,True,False,3
2023-11-15,SPOT,864.32,908.6291350919756,0.05126473423266333,0.003054424287300961,True,False,2
2023-11-22,ABNB,882.3399999999999,935.8059563220788,0.06059563923439821,0.0009746809619874952,True,False,2
2023-11-22,DUK,983.4000000000001,999.5406826046914,0.01641314074099174,0.0023693308928205425,True,True,1
2023-11-22,F,932.0,883.5940731990646,-0.051937689700574455,0.011759656652360562,False,False,0
2023-11-22,LCID,510.0,813.0097014077446,0.5941366694269502,0.0,True,False,4
2023-11-22,RIVN,930.77,1250.89016598516,0.34393047260350024,0.051935494268186666,True,False,4
2023-11-22,SHOPCN,924.61,1026.6209741723146,0.11032865118516412,0.006435145628967742,True,False,3
2023-11-22,SPOT,866.96,912.7939211518636,0.052867400055208534,0.00574420965211786,True,False,2
2023-11-22,UBER,1022.4599999999999,1164.1939236453384,0.13862050705684179,0.015687655262797584,True,False,3
2023-11-29,ABNB,883.1999999999999,937.5840132484584,0.06157610195704085,0.0107563405797102,True,False,2
2023-11-29,DUK,985.7299999999999,1005.0799836099249,0.01963010521129006,0.0035303785012124056,True,True,1
2023-11-29,F,942.96,896.9144658691654,-0.04883084556167245,0.004793416475778356,False,False,0
2023-11-29,LCID,510.0,820.1224165708029,0.6080831697466723,0.007352941176470562,True,False,4
2023-11-29,RIVN,979.11,1309.3566290348326,0.33729267297324367,0.0467363217615997,True,False,4
2023-11-29,SHOPCN,930.56,1038.0122843921756,0.11547056008443914,-0.0011283528198073878,True,False,3
2023-11-29,SPOT,871.94,917.9126123552356,0.05272451356198314,0.008119824758584304,True,False,2
2023-11-29,UBER,1038.5,1180.8617404696888,0.13708400622983996,0.02589311506981229,True,False,3
2023-12-06,ABNB,892.6999999999999,949.7574139317866,0.06391555274088344,0.011190769575445403,True,False,2
2023-12-06,DUK,989.21,1014.3053939028264,0.02536912678079108,0.0021127970804986074,True,True,1
2023-12-06,EVRG,1012.02,1118.290140846328,0.10500794534330161,0.012825833481551863,True,False,3
2023-12-06,F,947.48,901.3186683545338,-0.04872011192369891,0.001087094186684734,False,False,0
2023-12-06,LCID,513.75,824.3707158434951,0.6046145320554649,-0.041362530413625254,True,False,4
2023-12-06,RIVN,1024.87,1358.8610117619437,0.3258862214348589,0.0505820250373219,True,False,4
2023-12-06,SHOPCN,929.51,1027.5923861024814,0.10552052813039284,-0.004852018805607261,True,False,3
2023-12-06,SPOT,879.02,925.2950744129288,0.05264393803659621,-0.004197856704056702,True,False,2
2023-12-06,UBER,1065.39,1215.0111523998826,0.14043791700680733,0.019926975098320865,True,False,3
2023-12-13,ABNB,902.69,964.1595576442392,0.06809597718401567,0.0016838560303094052,True,False,2
2023-12-13,DUK,991.3,1028.180308763966,0.037203983419717555,0.009381620094825127,True,True,1
2023-12-13,EVRG,1025.0,1134.898305641835,0.10721785916276576,-0.007492682926829364,True,False,3
2023-12-13,F,948.51,920.5267371295284,-0.029502338267884946,0.04415346174526369,False,False,0
2023-12-13,LCID,492.5,828.4574754497543,0.6821471582736127,0.06598984771573613,True,False,4
2023-12-13,RIVN,1076.71,1415.9404429232795,0.31506203427411233,0.14092931244253326,True,False,4
2023-12-13,SHOPCN,925.0,1035.3087493103544,0.11925270195713991,0.017837837837837878,True,False,3
2023-12-13,SPOT,875.33,931.552025795567,0.0642295200616533,0.010476049032936086,True,False,2
2023-12-13,UBER,1086.6200000000001,1241.3803708773053,0.14242363556469156,0.0020338296736668315,True,False,3
2023-12-20,ABNB,904.21,962.4535532630576,0.06441374599159222,-0.003992435385585247,True,False,2
2023-12-20,DUK,1000.6,1024.3872430727058,0.02377297928513471,0.0008894663202079212,True,True,1
2023-12-20,EVRG,1017.3199999999999,1097.0744198397615,0.07839659088562259,0.008650178901427275,True,False,3
2023-12-20,F,990.39,942.39028344769,-0.0484654697162835,0.01247993214794163,False,False,0
2023-12-20,LCID,525.0,821.1287987836142,0.5640548548259319,0.00952380952380949,True,False,4
2023-12-20,RIVN,1228.45,1563.391592190841,0.27265382570787655,0.01082665147136641,True,False,4
2023-12-20,SHOPCN,941.5,1040.827298948196,0.1054989898546956,-0.0013913967073817535,True,False,3
2023-12-20,SPOT,884.5,929.1611254465456,0.05049307568857616,0.0033917467495760967,True,False,2
2023-12-20,UBER,1088.83,1231.9295502537404,0.13142506199658396,0.014979381537981062,True,False,3
2023-12-27,ABNB,900.6,956.9159698275904,0.06253161206705572,-0.005007772596047233,True,False,2
2023-12-27,DUK,1001.49,1027.5165401487704,0.025987818299504174,0.0029156556730471905,True,True,1
2023-12-27,EVRG,1026.12,1106.0016792698298,0.0778482821403246,0.011616575059447243,True,False,3
2023-12-27,F,1002.75,962.5732923226273,-0.04006652473435327,-0.02042383445524809,False,False,0
2023-12-27,LCID,530.0,824.7599587538759,0.5561508655733508,-0.03301886792452835,True,False,4
2023-12-27,RIVN,1241.75,1589.912826059459,0.28038077395567457,-0.10310448963156837,True,False,4
2023-12-27,SHOPCN,940.19,1047.097607639,0.1137085138525191,-0.01282719450323877,True,False,3
2023-12-27,SPOT,887.5,930.797149406092,0.04878552045756844,-0.0014647887323943065,True,False,2
2023-12-27,UBER,1105.1399999999999,1260.263400489252,0.1403653840140183,-0.04446495466637701,True,False,3
2024-01-03,ABNB,896.0899999999999,951.76511211682,0.06213116106286206,0.009641888649577712,True,False,2
2024-01-03,DUK,1004.4100000000001,1033.3787279952523,0.02884153681788539,0.003116257305283643,True,True,1
2024-01-03,EVRG,1038.04,1116.1752778520583,0.07527193350165541,0.000886285692266231,True,False,3
2024-01-03,F,982.27,941.2627581091062,-0.0417474237133311,-0.0025756665682551416,False,False,0
2024-01-03,LCID,512.5,820.1677247949373,0.6003272678925605,0.0,True,False,4
2024-01-03,RIVN,1113.72,1450.4696549476414,0.30236473705028316,-0.04367345472829809,True,False,4
2024-01-03,SHOPCN,928.13,1017.5479822145384,0.09634208808522338,0.02693588182689921,True,False,3
2024-01-03,SPOT,886.2,928.8072604703152,0.04807860581168491,-0.0013540961408260443,True,False,2
2024-01-03,UBER,1056.0,1203.843278923824,0.14000310504150007,0.03632575757575762,True,False,3
2024-01-10,ABNB,904.73,957.3856213109002,0.05820037061985364,-0.002940103677340322,True,False,2
2024-01-10,DUK,1007.5400000000001,1035.4549056361616,0.027706002378229653,-0.007741628123945521,True,True,1
2024-01-10,EVRG,1038.96,1089.558580464486,0.04870118239825025,-0.016093016093016166,True,False,2
2024-01-10,F,979.74,946.0954592061424,-0.03434027476050541,-0.01879069957335633,False,False,0
2024-01-10,LCID,512.5,816.3699859218475,0.5929170457011659,-0.07317073170731703,True,False,4
2024-01-10,RIVN,1065.08,1398.8599088905094,0.31338482451131316,-0.08797461223570047,True,False,4
2024-01-10,SHOPCN,953.13,1046.715651149024,0.09818770907328916,-0.004668827966804123,True,False,3
2024-01-10,SPOT,885.0,932.5276078751384,0.05370351172332024,0.004440677966101703,True,False,2
2024-01-10,UBER,1094.3600000000001,1244.8794142284264,0.1375410415479607,0.003134251982893854,True,False,3
2024-01-17,ABNB,902.0699999999999,951.1313950101716,0.054387569712075146,0.0038356225126654486,True,False,2
2024-01-17,DUK,999.74,1029.4910200251136,0.0297587573020121,-0.005141336747554459,True,True,1
2024-01-17,EVRG,1022.24,1059.4920195903214,0.036441559311239456,-0.01418453592111446,True,True,1
2024-01-17,F,961.3299999999999,930.2647999123044,-0.032314813942866165,-0.0030478607762161047,False,False,0
2024-01-17,LCID,475.0,813.5845196886837,0.712809515134071,-0.07770526315789483,True,False,4
2024-01-17,RIVN,971.3800000000001,1308.601393674507,0.34715702781044183,-0.0541085877823303,True,False,4
2024-01-17,SHOPCN,948.68,1040.717857574558,0.09701675757321537,0.005344267824767046,True,False,3
2024-01-17,SPOT,888.9300000000001,933.8407824330542,0.05052229358110776,0.004724781478856466,True,False,2
2024-01-17,UBER,1097.79,1250.474179184769,0.13908323011210608,0.004381530165150194,True,False,3
2024-01-24,ABNB,905.53,957.4277403736896,0.057312005536746057,0.0038540964959747903,True,False,2
2024-01-24,DUK,994.5999999999999,1023.6166561903368,0.029174196853344967,0.005157852402976282,True,True,1
2024-01-24,EVRG,1007.74,1042.4778478495682,0.034471041984607334,0.00660884752019375,True,True,1
2024-01-24,F,958.4000000000001,925.4329794954414,-0.03439797631944774,0.018489148580968173,False,False,0
2024-01-24,LCID,438.09,817.8733755746443,0.8669072007456102,-0.08694560478440494,True,False,4
2024-01-24,RIVN,918.82,1255.10698709088,0.3659987669955812,0.000990400731372798,True,False,4
2024-01-24,SHOPCN,953.75,1036.5949726734227,0.08686235666938162,0.005043250327653848,True,False,3
2024-01-24,SPOT,893.13,939.4890365024876,0.051906258330240373,0.0032694008710938416,True,False,2
2024-01-24,UBER,1102.6000000000001,1253.0767376165911,0.1364744582047805,0.01568111735896971,True,False,3
2024-01-31,ABNB,909.02,964.0329017130932,0.060518912359566614,0.0036962883104882938,True,False,2
2024-01-31,DUK,999.73,1030.487058528512,0.03076536517710988,-0.006521760875436322,True,True,1
2024-01-31,EVRG,1014.4,1058.2992149543936,0.04327603997870036,-0.009483438485804463,True,False,2
2024-01-31,F,976.1199999999999,947.757899877801,-0.029055956360077507,0.03670655247305654,False,False,0
2024-01-31,LCID,400.0,838.5680796785114,1.0964201991962783,0.0,True,False,4
2024-01-31,RIVN,919.73,1270.6726321589156,0.381571365682228,-0.008056712296000024,True,False,4
2024-01-31,SHOPCN,958.56,1029.4161486977202,0.07391936727770855,0.0018360874645300118,True,False,2
2024-01-31,SPOT,896.0500000000001,945.0165099695936,0.05464707323206686,0.005245243010992606,True,False,2
2024-01-31,UBER,1119.89,1276.8393608381143,0.140147122340689,0.042870281902686935,True,False,3
2024-02-07,ABNB,912.38,963.9791598448344,0.056554461786574,-0.0011508362743594125,True,False,2
2024-02-07,DUK,993.21,1027.0622032713766,0.034083631126727014,-0.010954380241842143,True,True,1
2024-02-07,EVRG,1004.78,1043.097912448141,0.038135624164634035,-0.005463882640976192,True,True,2
2024-02-07,F,1011.9499999999999,979.3627676101776,-0.03220241354792466,-0.007747418350708912,False,False,0
2024-02-07,LCID,400.0,835.9709933824266,1.0899274834560666,0.059374999999999956,True,False,4
2024-02-07,RIVN,912.3199999999999,1259.6348423802535,0.3806941011709199,0.00019729919326549883,True,False,4
2024-02-07,SHOPCN,960.3199999999999,1041.0569970480794,0.08407301425366494,-0.007435021659446872,True,False,3
2024-02-07,SPOT,900.75,955.1546810736236,0.06039931287662901,0.00273105745212332,True,False,2
2024-02-07,UBER,1167.9,1327.848124418767,0.13695361282538474,0.07673602191968487,True,False,3
2024-02-14,ABNB,911.3299999999999,961.7224962084532,0.05529555288254889,-0.0014703784578582457,True,False,2
2024-02-14,DUK,982.33,1016.5264723223772,0.03481159317375748,0.0030030641434142247,True,True,1
2024-02-14,EVRG,999.29,1038.4472526929958,0.039185074095603706,0.003982827807743616,True,True,2
2024-02-14,F,1004.11,1009.0788707018976,0.00494853223441413,-0.005437651253348719,True,True,0
2024-02-14,LCID,423.75,836.2523614575284,0.9734569001947574,0.06784660766961648,True,False,4
2024-02-14,RIVN,912.5,1270.8329519435374,0.3926936459655204,0.0024109589041096946,True,False,4
2024-02-14,SHOPCN,953.18,1024.146380531653,0.07445223413379744,-0.00406009358148518,True,False,2
2024-02-14,SPOT,903.21,948.2016037835488,0.049813004487936054,0.0005978676055402588,True,False,2
2024-02-14,UBER,1257.52,1416.239229743762,0.12621606793034074,-0.02356224950696595,True,False,3
2024-02-21,ABNB,909.99,960.0524775307878,0.0550143161252187,0.0032637721293640176,True,False,2
2024-02-21,DUK,985.2800000000001,1019.5626354305092,0.0347948151089123,-0.00500365378369616,True,True,1
2024-02-21,EVRG,1003.27,1046.1790539973822,0.04276919871757574,-0.007286174210332175,True,False,2
2024-02-21,F,998.65,992.8097287204696,-0.0058481663040408395,-0.0016121764381915593,False,False,0
2024-02-21,LCID,452.5,839.9545361870613,0.8562531186454394,-0.03314917127071826,True,False,4
2024-02-21,RIVN,914.7,1253.4903005142803,0.37038406090989423,-0.23243686454575274,True,False,4
2024-02-21,SHOPCN,949.31,1006.5975745143082,0.06034654066038311,-0.003465675069260765,True,False,2
2024-02-21,SPOT,903.75,947.1130733570648,0.04798127065788632,-0.0017040110650068385,True,False,2
2024-02-21,UBER,1227.89,1384.6008968263063,0.12762616914080757,0.008657127267100329,True,False,3
2024-02-28,ABNB,912.96,962.8873845324184,0.054687373523942324,0.013352173151069069,True,False,2
2024-02-28,DUK,980.3499999999999,1015.8190776145312,0.03618001490746298,0.004937012291528653,True,True,1
2024-02-28,EVRG,995.96,1043.0086224143631,0.04723946987264858,0.0032631832603720046,True,False,2
2024-02-28,F,997.04,996.3338425675676,-0.0007082538638694592,0.008444997191687564,False,False,0
2024-02-28,LCID,437.5,839.0700183043538,0.9178743275528086,0.017142857142857126,True,False,4
2024-02-28,NEE,1000.78,998.3010235699228,-0.002477044335495496,0.005395791282799323,False,False,0
2024-02-28,RIVN,702.09,1104.1461137382482,0.5726560893022948,-0.010810579840191514,True,False,4
2024-02-28,SHOPCN,946.02,1004.4951501501124,0.061811748324678575,-0.0018921375869431767,True,False,2
2024-02-28,SMCI,1000.51,1463.375219266375,0.4626292783344246,0.17030314539584812,True,False,4
2024-02-28,SPOT,902.21,950.7617751586752,0.053814272906169434,0.011638088693319837,True,False,2
2024-02-28,UBER,1238.52,1400.634783094367,0.13089395657265698,0.010738623518392831,True,False,3
2024-03-06,ABNB,925.15,975.2714662682342,0.05417658354670514,0.006409771388423469,True,False,2
2024-03-06,DUK,985.19,1025.1436321786357,0.040554240480146615,0.0028623920259036595,True,False,2
2024-03-06,EVRG,999.21,1054.488001717314,0.05532170586494736,0.00878694168393035,True,False,2
2024-03-06,F,1005.46,1001.6532604909754,-0.003786067580037618,-0.0006961987547988713,False,False,0
2024-03-06,LCID,445.0,843.8729844592941,0.8963437853017845,-0.022471910112359605,True,False,4
2024-03-06,NEE,1006.18,992.5158758301762,-0.013580198542829025,0.03318491721163208,False,False,0
2024-03-06,RIVN,694.5,1106.3210757909603,0.5929749111460911,0.08711303095752343,True,False,4
2024-03-06,SHOPCN,944.23,994.9106969008532,0.05367410154395979,0.006555606155280058,True,False,2
2024-03-06,SMCI,1170.9,1765.0060832246777,0.5073926750573726,0.030275856179007743,True,False,4
2024-03-06,SPOT,912.71,960.0719211114588,0.051891533029613725,0.005971228539185525,True,False,2
2024-03-06,UBER,1251.82,1414.4380236577335,0.12990527684310332,-0.0005352207186337665,True,False,3
2024-03-13,ABNB,931.08,974.9438931857284,0.04711076726567892,0.000784035743437661,True,False,2
2024-03-13,DUK,988.01,1027.2277438181625,0.0396936709326449,-0.0005566745275857876,True,True,2
2024-03-13,EVRG,1007.99,1058.185397474204,0.04979751532674322,0.0027083602019861708,True,False,2
2024-03-13,F,1004.76,1000.1751221098488,-0.0045631572615860835,-0.004737449739241173,False,False,0
2024-03-13,LCID,435.0,841.1064127217346,0.9335779602798497,-0.008620689655172376,True,False,4
2024-03-13,NEE,1039.57,1023.4465720858338,-0.015509708739350007,0.019190626893812013,False,False,0
2024-03-13,RIVN,755.0,1132.724661743914,0.5002975652237273,-0.04626490066225164,True,False,4
2024-03-13,SHOPCN,950.4200000000001,1003.6116612772132,0.05596647932199779,0.009942972580543108,True,False,2
2024-03-13,SMCI,1206.3500000000001,1831.772416086907,0.5184419248865643,-0.12711899531645054,True,False,4
2024-03-13,SPOT,918.1600000000001,952.162145869043,0.03703292004557258,-0.0009366559205367109,True,True,1
2024-03-13,UBER,1251.1499999999999,1406.6869665796844,0.12431520327673304,-0.01019062462534448,True,False,3
2024-03-20,ABNB,931.81,975.0644087710516,0.046419773098648504,0.00020390422940308461,True,False,2
2024-03-20,DUK,987.4599999999999,1028.6173361481797,0.04168000339069912,-0.0018836206023533641,True,False,2
2024-03-20,EVRG,1010.72,1055.6715475452409,0.04447477792587544,-0.004758983694791885,True,False,2
2024-03-20,F,1000.0,1023.1192490766996,0.02311924907669959,0.026329999999999965,True,True,1
2024-03-20,LCID,431.25,843.5593268175232,0.9560795984174452,0.19999999999999996,True,False,4
2024-03-20,NEE,1059.52,1046.317398558274,-0.012460927062939891,0.010287677438840293,False,False,0
2024-03-20,RIVN,720.07,1118.8976258905711,0.5538734093776592,-0.023706028580554706,True,False,4
2024-03-20,SHOPCN,959.8699999999999,1010.0015568762868,0.052227444212536014,-0.005886213758112935,True,False,2
2024-03-20,SMCI,1053.0,1534.5834180625202,0.45734417669755006,0.06018993352326696,True,False,4
2024-03-20,SPOT,917.3000000000001,954.2200300118188,0.040248588261003776,0.00021803117845853315,True,False,2
2024-03-20,UBER,1238.4,1410.1936282058036,0.13872224499822636,0.016456718346253174,True,False,3
2024-03-27,ABNB,932.0,975.5485252638332,0.04672588547621588,-0.006298283261802595,True,False,2
2024-03-27,DUK,985.6,1031.3810687321045,0.04644994798306054,0.002039366883116678,True,False,2
2024-03-27,EVRG,1005.91,1066.6393662187834,0.06037256436339575,0.008708532572496486,True,False,2
2024-03-27,F,1026.33,1029.999786996295,0.0035756403849590175,0.02329660050860838,True,True,0
2024-03-27,LCID,517.5,847.3062510450588,0.6373067653044615,-0.009661835748792313,True,False,4
2024-03-27,NEE,1070.42,1063.798763317371,-0.006185643656349059,-0.010360419274677124,False,False,0
2024-03-27,RIVN,703.0,1108.255642072682,0.5764660626922928,-0.03059743954480798,True,False,4
2024-03-27,SHOPCN,954.22,1001.9034545502448,0.04997113301989555,-0.006403135545261951,True,False,2
2024-03-27,SMCI,1116.38,1666.8840634011713,0.4931153042881197,-0.00544617424174576,True,False,4
2024-03-27,SPOT,917.5,950.000603881481,0.03542300150570133,0.018931880108991717,True,True,1
2024-03-27,UBER,1258.78,1406.212110937734,0.11712301668101974,-0.0195347876515356,True,False,3
2024-04-03,ABNB,926.13,960.6073859088268,0.03722737186877308,-0.0018895835357887192,True,True,1
2024-04-03,DUK,987.6099999999999,1030.3643582109603,0.04329073036012231,-0.0028351272263342775,True,False,2
2024-04-03,EVRG,1014.67,1061.3954767162368,0.04604992432636898,-0.01355120383967201,True,False,2
2024-04-03,F,1050.24,1049.2257708132113,-0.0009657118247150415,-0.020700030469226083,False,False,0
2024-04-03,LCID,512.5,844.5701542602121,0.64794176441017,0.004878048780487809,True,False,4
2024-04-03,NEE,1059.3300000000002,1054.2696781344494,-0.00477690791873241,0.01129959502704514,False,False,0
2024-04-03,RIVN,681.49,1087.5183216323849,0.5957949810450408,0.0005869491848742303,True,False,4
2024-04-03,SHOPCN,948.1100000000001,991.7186443599968,0.04599534269230012,0.0009070677453038023,True,False,2
2024-04-03,SMCI,1110.3,1656.9269249730366,0.4923236287247021,-0.056210033324326614,True,False,4
2024-04-03,SPOT,934.8699999999999,963.4025420083548,0.030520331177976492,0.010760854450351465,True,True,1
2024-04-03,UBER,1234.19,1388.0436103734698,0.12465958270077523,-0.023205503204530853,True,False,3
2024-04-10,ABNB,924.38,956.131233060533,0.03434868026194094,-0.004716674960514089,True,True,1
2024-04-10,DUK,984.81,1025.1564954556432,0.04096881170544898,-0.004153085366720433,True,False,2
2024-04-10,EVRG,1000.92,1048.172813292074,0.04720938066186502,-0.008442233145506073,True,False,2
2024-04-10,F,1028.5,1022.043061086545,-0.0062780154724890805,-0.03554691298006796,False,False,0
2024-04-10,LCID,515.0,838.7414156409127,0.6286241080406072,-0.058252427184465994,True,False,4
2024-04-10,NEE,1071.3,1063.9793978130165,-0.006833382047030224,-0.005572668720246421,False,False,0
2024-04-10,RIVN,681.8899999999999,1068.6932056604303,0.5672516177982233,-0.13716288550939282,True,False,4
2024-04-10,SHOPCN,948.97,976.1617401738732,0.02865395130918069,-0.01268744006659861,True,True,1
2024-04-10,SMCI,1047.89,1543.01059267734,0.4724929073446065,0.024916737443815506,True,False,4
2024-04-10,SPOT,944.93,964.4944015832012,0.02070460413279427,-0.008741388250981474,True,True,1
2024-04-10,UBER,1205.5500000000002,1353.9344097584794,0.12308440940523349,-0.018978889303637447,True,False,3
2024-04-17,ABNB,920.02,952.9262800570074,0.03576691817243907,0.00399991304536873,True,True,1
2024-04-17,DUK,980.72,1003.7452513875186,0.023477905403701923,0.009554205073823319,True,True,1
2024-04-17,EVRG,992.47,1041.8334912739788,0.04973801855368802,0.009138815279051249,True,False,2
2024-04-17,F,991.94,982.7639583778882,-0.0092506014699597,0.035617073613323225,False,False,0
2024-04-17,LCID,485.0,839.1802777574104,0.730268613932805,-0.046391752577319534,True,False,4
2024-04-17,NEE,1065.33,1065.3637544935732,3.168454241715659e-05,0.024152140651253706,True,True,0
2024-04-17,RIVN,588.36,991.8605995257984,0.6858056284006363,0.003348290162485501,True,False,4
2024-04-17,SHOPCN,936.93,970.9671053319186,0.03632833331403479,0.003148581003917128,True,True,1
2024-04-17,SMCI,1074.0,1596.3230566409634,0.48633431717035697,-0.10216945996275595,True,False,4
2024-04-17,SPOT,936.6700000000001,958.7875944531096,0.023613006131411828,-0.0042277429617688655,True,True,1
2024-04-17,UBER,1182.67,1327.407918611432,0.12238233709439822,-0.02418256994766088,True,False,3
2024-04-24,ABNB,923.7,954.887124291085,0.033763261114090025,-0.006365703150373658,True,True,1
2024-04-24,DUK,990.09,1015.597643873425,0.025762954755047487,0.004565241543698084,True,True,1
2024-04-24,EVRG,1001.54,1054.5008519376934,0.05287941763453622,0.004942388721369095,True,False,2
2024-04-24,F,1027.27,1016.0666519791548,-0.010905942956423501,-0.0224965199022652,False,False,0
2024-04-24,LCID,462.5,841.2440207564717,0.8189059908248038,0.0108108108108107,True,False,4
2024-04-24,NEE,1091.06,1090.3079387827854,-0.0006892940967632687,0.013592286400381237,False,False,0
2024-04-24,RIVN,590.33,993.54824610149,0.6830387174995172,0.0046414717192078125,True,False,4
2024-04-24,SHOPCN,939.88,973.6953528017528,0.03597837256006389,0.0004681448695578183,True,True,1
2024-04-24,SMCI,964.2700000000001,1392.107666693954,0.44369073671684667,-0.0072075248633682865,True,False,4
2024-04-24,SPOT,932.71,952.3304122194328,0.021035919224016843,0.0002680361527163111,True,True,1
2024-04-24,UBER,1154.07,1297.0303106197184,0.12387490413901972,0.0001473047562106089,True,False,3
2024-05-01,ABNB,917.8199999999999,946.900605070236,0.03168443166441793,0.003813383887908417,True,True,1
2024-05-01,DUK,994.61,1017.1779706002576,0.022690271161819788,0.006645820975055505,True,True,1
2024-05-01,EVRG,1006.49,1058.5155965270358,0.05169012759891878,0.010332939224433346,True,False,2
2024-05-01,F,1004.16,987.5426963419168,-0.016548462055930517,-0.001872211599745044,False,False,0
2024-05-01,LCID,467.5,844.412330319883,0.8062295835719423,0.03208556149732611,True,False,4
2024-05-01,NEE,1105.8899999999999,1111.1245940047615,0.004733376741594259,0.036604002206367836,True,True,0
2024-05-01,RIVN,593.07,1008.6821010059236,0.7007808538720953,0.11887298295310811,True,False,4
2024-05-01,SHOPCN,940.3199999999999,964.8805972287928,0.026119403212515803,-0.008614088820826926,True,True,1
2024-05-01,SMCI,957.3199999999999,1363.1001991616015,0.42387101404086575,0.04632724689758927,True,False,4
2024-05-01,SPOT,932.96,952.8524910144456,0.021321911994560933,0.013869833647744967,True,True,1
2024-05-01,UBER,1154.24,1281.1394078156104,0.10994195991787704,-0.017665303576379188,True,False,3
2024-05-08,ABNB,921.32,949.3795105172118,0.030455770543580642,-0.00618677549602753,True,True,1
2024-05-08,DUK,1001.22,1026.406750342714,0.025156059949575565,0.005063822136992968,True,True,1
2024-05-08,EVRG,1016.8899999999999,1072.5604389190348,0.05474578265007519,0.009706064569422468,True,False,2
2024-05-08,F,1002.28,987.173317431368,-0.015072317684311751,0.005597238296683571,False,False,0
2024-05-08,LCID,482.5,849.1605752199745,0.7599182906113461,0.11917098445595853,True,False,4
2024-05-08,NEE,1146.37,1156.0425044127903,0.008437506575355629,0.045665884487556596,True,True,0
2024-05-08,RIVN,663.5699999999999,1050.6668112852844,0.5833549004404728,-0.012040930120409188,True,False,4
2024-05-08,SHOPCN,932.2199999999999,955.0779872285032,0.024519949398750563,-0.003722297311793299,True,True,1
2024-05-08,SMCI,1001.6700000000001,1452.010058808466,0.4495892447697005,0.05101480527519042,True,False,4
2024-05-08,SO,1009.93,1060.111313039687,0.04968791207280415,0.010099709880883045,True,False,2
2024-05-08,SPOT,945.9000000000001,961.6758114339444,0.016678096451997398,0.0009937625541809325,True,True,1
2024-05-08,UBER,1133.8500000000001,1272.4317902996088,0.12222233126040362,0.0013670238567711213,True,False,3
2024-05-15,ABNB,915.62,940.9668852551129,0.02768275622541322,-0.0027849981433345494,True,True,1
2024-05-15,DUK,1006.2900000000001,1031.0709970849398,0.02462609892271583,0.0003776247403830535,True,True,1
2024-05-15,EVRG,1026.76,1084.384526716508,0.05612268370067781,-0.0013440336592778213,True,False,2
2024-05-15,F,1007.89,991.1019409113784,-0.01665663821312008,-0.012312851600869146,False,False,0
2024-05-15,LCID,540.0,853.7883064182903,0.5810894563301672,-0.00462962962962965,True,False,4
2024-05-15,NEE,1198.72,1203.64544820331,0.004108923020647021,-0.0023942205018687712,True,True,0
2024-05-15,RIVN,655.58,1054.2948354110206,0.6081863928292818,0.027060007931907437,True,False,4
2024-05-15,SHOPCN,928.75,950.4384971225192,0.023352352218055615,-0.0004845222072679123,True,True,1
2024-05-15,SMCI,1052.77,1589.2807204962523,0.5096181696821266,-0.02497221615357581,True,False,4
2024-05-15,SO,1020.1300000000001,1071.459049793236,0.05031618498939937,0.00046072559379672917,True,False,2
2024-05-15,SPOT,946.8399999999999,963.6130917818437,0.017714811142161013,-0.0031578725022177734,True,True,1
2024-05-15,UBER,1135.4,1278.8276799754503,0.12632348069002133,-0.01573894662673958,True,False,3
2024-05-22,ABNB,913.07,936.5035858908764,0.025664610479893452,-0.0019932754334279768,True,True,1
2024-05-22,DUK,1006.6700000000001,1029.6276633232449,0.022805550302725606,-0.009595994715249412,True,True,1
2024-05-22,EVRG,1025.3799999999999,1075.647369266684,0.04902316142960096,-0.021192143400495356,True,False,2
2024-05-22,F,995.48,979.6815535088348,-0.015870179703424716,-0.016052557560171987,False,False,0
2024-05-22,JD,1018.77,1033.6573111479345,0.014613024674788713,-0.03805569461213032,True,True,0
2024-05-22,LCID,537.5,852.2361753564214,0.5855556750817142,-0.023255813953488413,True,False,4
2024-05-22,NEE,1195.85,1196.1222606701515,0.00022767125488278757,-0.002132374461679909,True,True,0
2024-05-22,RIVN,673.3199999999999,1069.713446740524,0.5887147964422921,-0.0310699221766767,True,False,4
2024-05-22,SHOPCN,928.3,949.360233322738,0.022686882821004093,-0.001023376063772452,True,True,1
2024-05-22,SMCI,1026.48,1507.941855017306,0.4690416325864175,-0.021023302938196542,True,False,4
2024-05-22,SO,1020.6,1066.3766725582595,0.04485270679821626,-0.013756613756613745,True,False,2
2024-05-22,SPOT,943.85,958.9502766054096,0.015998597876155735,0.002044816443290687,True,True,0
2024-05-22,UBER,1117.53,1264.0412506833284,0.13110274505680242,-0.008330872549282775,True,False,3
2024-05-29,ABNB,911.25,938.4674936444068,0.029868305782613742,0.0008120713305899141,True,True,1
2024-05-29,BABA,1000.3499999999999,1007.2435978748608,0.006891185959774995,0.002799020342880043,True,True,0
2024-05-29,DUK,997.01,1019.606923921371,0.02266469134850308,0.00972908997903743,True,True,1
2024-05-29,EVRG,1003.65,1056.8354779990475,0.05299205699103026,0.013610322323519108,True,False,2
2024-05-29,F,979.5,965.0830852971682,-0.01471864696562719,0.011026033690658466,False,False,0
2024-05-29,JD,980.0,979.3785346061518,-0.0006341483610696036,0.013255102040816258,False,False,0
2024-05-29,LCID,525.0,849.8838525138528,0.6188263857406721,-0.02857142857142858,True,False,4
2024-05-29,NEE,1193.3,1199.4976454497112,0.005193702714917638,0.010341070979636324,True,True,0
2024-05-29,RIVN,652.4,1045.4548266203997,0.6024752094120167,0.07933782955242186,True,False,4
2024-05-29,SHOPCN,927.35,948.413141843795,0.022713260197115368,0.0023184342481263887,True,True,1
2024-05-29,SMCI,1004.9,1473.18800816329,0.4660045856933925,-0.01835008458553089,True,False,4
2024-05-29,SO,1006.5600000000001,1056.9220742014743,0.05003385213149164,0.015935463360356117,True,False,2
2024-05-29,SPOT,945.78,962.8946711837287,0.01809582691929283,0.012381314893527007,True,True,1
2024-05-29,UBER,1108.22,1254.2367773969263,0.1317579338009838,0.010728916641099984,True,False,3
2024-05-29,WEC,989.74,1089.2269649372397,0.10051828251585233,0.01020470022430131,True,False,3
2024-06-05,ABNB,911.99,940.9179591663448,0.03171960127451479,0.0031798594282832493,True,True,1
2024-06-05,BABA,1003.15,1023.4719036977448,0.020258090712001995,-0.008652743856850886,True,True,1
2024-06-05,DUK,1006.71,1031.871881086023,0.024994170203954422,-0.0028806706996057363,True,True,1
2024-06-05,EVRG,1017.31,1072.7819326825104,0.054528052100648226,-0.00537692542096313,True,False,2
2024-06-05,F,990.3,985.5034800593878,-0.004843501909130711,0.006563667575482324,False,False,0
2024-06-05,JD,992.99,1007.9392899513928,0.015054824269522107,-0.009023253003554887,True,True,0
2024-06-05,LCID,510.0,857.7622177781573,0.6818867015257986,-0.004901960784313708,True,False,4
2024-06-05,NEE,1205.6399999999999,1207.1119793812818,0.0012209112017533645,-0.036403901662187654,True,True,0
2024-06-05,RIVN,704.16,1106.5609518858566,0.5714623833870949,0.038371960917973125,True,False,4
2024-06-05,SHOPCN,929.5,953.093705902421,0.025383223133320056,0.008606777837547153,True,True,1
2024-06-05,SMCI,986.46,1447.4539848143045,0.4673215181703307,0.0015611378058917325,True,False,4
2024-06-05,SO,1022.6,1073.4092032978554,0.04968629307437447,-0.0030314883629962708,True,False,2
2024-06-05,SPOT,957.49,976.4393644067484,0.019790665601466723,-0.006172388223375624,True,True,1
2024-06-05,UBER,1120.11,1267.4033630296385,0.13149901619451537,0.0661274339127409,True,False,3
2024-06-05,WEC,999.8399999999999,1089.6853801613197,0.0898597577225554,-0.002990478476556091,True,False,3
2024-06-12,ABNB,914.8900000000001,941.9684742989756,0.02959751915418847,-0.001453726677524192,True,True,1
2024-06-12,BABA,994.47,1010.491941568054,0.01611103559489375,-0.008677989280722387,True,True,1
2024-06-12,DUK,1003.81,1026.3787122020108,0.022483051774749036,-0.0007272292565325689,True,True,1
2024-06-12,EVRG,1011.8399999999999,1068.2396057452993,0.05573964830931706,0.00037555344718542827,True,False,2
2024-06-12,F,996.8000000000001,980.2619874722128,-0.01659110406078176,-0.006821829855537809,False,False,0
2024-06-12,JD,984.0300000000001,990.9788007831556,0.007061574121882003,-0.005873804660427084,True,True,0
2024-06-12,LCID,507.5,858.1835157024035,0.6910020013840463,0.0,True,False,4
2024-06-12,NEE,1161.75,1159.5412525946997,-0.0019012243643643646,-0.019117710350763928,False,False,0
2024-06-12,RIVN,731.18,1120.560203975432,0.5325367269009437,-0.051970786947126535,True,False,4
2024-06-12,SHOPCN,937.5,958.6139685454403,0.0225215664484697,-0.0026880000000000237,True,True,1
2024-06-12,SMCI,988.0,1419.21371935065,0.43645113294600213,0.05992914979757091,True,False,4
2024-06-12,SO,1019.5,1069.7061669857612,0.04924587247254657,-0.0017263364394310976,True,False,2
2024-06-12,SPOT,951.58,968.9085051159594,0.018210245187960432,0.000115597217259511,True,True,1
2024-06-12,UBER,1194.18,1344.269179399024,0.12568388299839559,-0.02283575340400945,True,False,3
2024-06-12,WEC,996.85,1081.595764873552,0.08501355757992882,-0.002026383106786378,True,False,3
2024-06-19,ABNB,913.56,939.993737895886,0.028934867875001217,0.0013025964359210107,True,True,1
2024-06-19,BABA,985.84,926.9477264825194,-0.059738165947294274,-0.0030836646920393562,False,False,0
2024-06-19,DUK,1003.08,1023.0360896086902,0.019894813582854956,-0.006380348526538238,True,True,1
2024-06-19,EVRG,1012.2199999999999,1045.8234939392426,0.033197816620144475,-0.00494951690343981,True,True,1
2024-06-19,F,990.0,968.7464086897348,-0.021468274050772895,0.00661616161616152,False,False,0
2024-06-19,JD,978.25,986.635305159576,0.008571740515794509,-0.020270891898798937,True,True,0
2024-06-19,LCID,507.5,853.9532813228755,0.6826665641830059,0.03694581280788167,True,False,4
2024-06-19,NEE,1139.54,1143.0199321131934,0.003053804265926075,0.024185197535847802,True,True,0
2024-06-19,RIVN,693.18,1094.8916200129604,0.5795199226939042,0.31292016503649855,True,False,4
2024-06-19,SHOPCN,934.98,955.1620713527444,0.021585564774374212,-0.0015508353119852991,True,True,1
2024-06-19,SMCI,1047.21,1547.2505187959807,0.4774978455094782,-0.03813943717115009,True,False,4
2024-06-19,SO,1017.74,1047.1948205212116,0.028941400083726254,-0.0013854226030224348,True,True,1
2024-06-19,SPOT,951.6899999999999,964.1934528332512,0.013138157207968175,-0.00040979730794687974,True,True,0
2024-06-19,UBER,1166.91,1314.552582548108,0.12652439566728182,0.003590679658242557,True,False,3
2024-06-19,WEC,994.83,1078.7939779472374,0.08440032764114207,-0.002442628388769963,True,False,3
2024-06-26,ABNB,914.75,940.6366636546431,0.02829916770116769,0.0008198961464880306,True,True,1
2024-06-26,BABA,982.8,921.8345939147496,-0.062032362724104985,0.0015669515669516354,False,False,0
2024-06-26,DUK,996.6800000000001,1021.088165581056,0.024489470623526088,-0.00013043303768522918,True,True,1
2024-06-26,EVRG,1007.21,1044.9773330035437,0.037496979779334624,0.002501960862183683,True,True,1
2024-06-26,F,996.55,979.0596367873884,-0.01755091386544735,0.028548492298429595,False,False,0
2024-06-26,JD,958.42,962.2814599246716,0.004028985126219857,-0.014586506959370582,True,True,0
2024-06-26,LCID,526.25,854.6872073512577,0.6241087075558341,0.07838479809976251,True,False,4
2024-06-26,NEE,1167.1,1171.886795452121,0.004101444136853028,-0.022722988604232497,True,True,0
2024-06-26,RIVN,910.09,1236.4835895089336,0.3586388044137762,0.004779747057983341,True,False,4
2024-06-26,SHOPCN,933.53,956.379554283652,0.024476507754064767,0.0010390667680739707,True,True,1
2024-06-26,SMCI,1007.27,1457.4515487741442,0.4469323505853884,0.019091206925650583,True,False,4
2024-06-26,SO,1016.3299999999999,1047.8271802428585,0.03099109565087971,-0.0005313234874498862,True,True,1
2024-06-26,SPOT,951.3,964.525766351862,0.013902834386483796,0.0023336486912646226,True,True,0
2024-06-26,UBER,1171.1,1310.6348898969648,0.11914856963279383,0.0014516266757749197,True,False,3
2024-06-26,WEC,992.4,1076.942042588388,0.08518948265657797,-0.0018238613462314701,True,False,3
2024-07-03,ABNB,915.5,939.3876494055854,0.02609246248562034,-0.00028399781540144886,True,True,1
2024-07-03,BABA,984.3399999999999,930.5493233249084,-0.054646439924306144,0.004937318406241786,False,False,0
2024-07-03,DUK,996.55,1019.1811103987156,0.02270945802891545,0.006472329536902466,True,True,1
2024-07-03,EVRG,1009.73,1043.1646229451346,0.033112438914496556,0.005328157032077785,True,True,1
2024-07-03,F,1025.0,1005.1703055764496,-0.019346043340049218,0.008341463414634154,False,False,0
2024-07-03,JD,944.44,953.466996737474,0.009558041524579593,-0.0024353055779087196,True,True,0
2024-07-03,LCID,567.5,860.4769337085978,0.516258914023961,0.022026431718061623,True,False,4
2024-07-03,NEE,1140.5800000000002,1157.481088854122,0.01481797756766012,0.02079643690052424,True,True,0
2024-07-03,RIVN,914.44,1238.124253339709,0.3539699196663629,0.07583876470845552,True,False,4
2024-07-03,SHOPCN,934.5,959.2071075563862,0.02643885238778617,0.0008239700374532699,True,True,1
2024-07-03,SMCI,1026.5,1475.5639306927096,0.4374709505043445,0.01305406721870428,True,False,4
2024-07-03,SO,1015.79,1047.2966562932102,0.03101689945088079,0.00404611189320625,True,True,1
2024-07-03,SPOT,953.52,959.0097486484972,0.005757350289975247,-0.004215957714573393,True,True,0
2024-07-03,UBER,1172.8,1282.5760101880212,0.09360164579469751,-0.017641541609822675,True,False,3
2024-07-03,WEC,990.5899999999999,1076.344478886835,0.08656909406195819,0.003442392917352377,True,False,3
2024-07-10,ABNB,915.24,939.6769550320744,0.02670005138769543,0.0019885494515099467,True,True,1
2024-07-10,BABA,989.2,938.0622698689624,-0.051696047443426645,0.009603720177921549,False,False,0
2024-07-10,DUK,1003.0,1027.6549261730677,0.024581182625192103,0.017328015952143616,True,True,1
2024-07-10,EVRG,1015.1099999999999,1053.710034350187,0.03802546950595218,0.016451419058033157,True,True,1
2024-07-10,F,1033.55,1017.9902978671414,-0.015054619643808763,0.05636882589134529,False,False,0
2024-07-10,JD,942.14,955.3631156183856,0.014035191816912112,0.005158469017343403,True,True,0
2024-07-10,LCID,580.0,865.8775942244309,0.49289240383522576,0.0431034482758621,True,False,4
2024-07-10,NEE,1164.3000000000002,1169.143657567456,0.004160145638972704,-0.004139826505196398,True,True,0
2024-07-10,RIVN,983.7900000000001,1311.560380136002,0.33317108339788165,0.03334044867298913,True,False,4
2024-07-10,SHOPCN,935.27,958.2774644198583,0.024599810129543733,0.00291894319287489,True,True,1
2024-07-10,SMCI,1039.8999999999999,1530.825274249027,0.47208892609772785,-0.03307048754687936,True,False,4
2024-07-10,SO,1019.9,1052.9561294496448,0.03241114761216276,0.01676634964212176,True,True,1
2024-07-10,SPOT,949.5,954.1114125841808,0.004856674654218864,-0.001116377040547678,True,True,0
2024-07-10,UBER,1152.11,1258.9474374534602,0.09273197650698313,0.0035239690654540468,True,False,3
2024-07-10,WEC,994.0,1082.5987954813788,0.0891335970637614,0.021589537223340116,True,False,3
2024-07-17,ABNB,917.0600000000001,939.5845315612588,0.024561677056309024,0.0012212941356071205,True,True,1
2024-07-17,BABA,998.7,951.166769193096,-0.047595104442679524,-0.010163212175828606,False,False,0
2024-07-17,DUK,1020.38,1043.3941107992655,0.02255445108613016,0.004321919284972164,True,True,1
2024-07-17,EVRG,1031.81,1069.7625218181367,0.036782471402813315,-0.0017154321047480048,True,True,1
2024-07-17,F,1091.81,1075.0391871846532,-0.015360559818417807,-0.06951759005687796,False,False,0
2024-07-17,JD,947.0,964.6442782963602,0.018631761664583104,-0.015142555438225846,True,True,1
2024-07-17,LCID,605.0,872.4994868528603,0.4421479121534881,-0.02892561983471076,True,False,4
2024-07-17,NEE,1159.48,1154.354817969995,-0.004420241858423524,0.009167902853002952,False,False,0
2024-07-17,RIVN,1016.59,1351.14181203394,0.32909217288576503,-0.0391800037379868,True,False,4
2024-07-17,SHOPCN,938.0,960.7389333042818,0.02424193316021511,-0.0026226012793176823,True,True,1
2024-07-17,SMCI,1005.51,1454.0494511512834,0.44608154185565874,-0.05252061143101516,True,False,4
2024-07-17,SO,1037.0,1072.2729395277838,0.03401440648773753,0.0027483124397298386,True,True,1
2024-07-17,SPOT,948.4399999999999,951.250689130793,0.002963486494446769,0.018598962506853445,True,True,0
2024-07-17,UBER,1156.17,1255.6714214796395,0.08606123794912467,-0.020524663328057358,True,False,3
2024-07-17,WEC,1015.46,1109.4111843688663,0.09252081260597786,0.004204990841589096,True,False,3
2024-07-24,ABNB,918.18,937.721553193464,0.02128292186005369,-0.0011217843995728893,True,True,1
2024-07-24,BABA,988.5500000000001,940.2589622353096,-0.04885037455332607,0.01597288958575671,False,False,0
2024-07-24,DUK,1024.79,1046.890792068347,0.021566166793535377,0.0031713814537612794,True,True,1
2024-07-24,EVRG,1030.04,1076.4973127485025,0.04510243558357204,0.01997980660945209,True,False,2
2024-07-24,F,1015.91,1038.5789741475282,0.022313959058901156,-0.042966404504335975,True,True,1
2024-07-24,JD,932.6600000000001,945.8034313603292,0.014092414556568464,0.004492526751441961,True,True,0
2024-07-24,LCID,587.5,870.5296864383579,0.48175265776741766,0.07446808510638303,True,False,4
2024-07-24,NEE,1170.11,1199.2560643031877,0.024908824215832542,0.0333045611096392,True,True,1
2024-07-24,RIVN,976.76,1312.7606344788298,0.34399508014131397,-0.004218026946230413,True,False,4
2024-07-24,SHOPCN,935.54,954.9280226661788,0.020723884244584746,0.002747076554717287,True,True,1
2024-07-24,SMCI,952.6999999999999,1351.1625520038046,0.4182455673389364,-0.005626115251390784,True,False,4
2024-07-24,SO,1039.85,1077.3241391050592,0.0360380238544591,0.007424147713612772,True,True,1
2024-07-24,SPOT,966.08,974.0241857033302,0.008223113720737581,0.0050927459423650845,True,True,0
2024-07-24,UBER,1132.44,1224.9169484500242,0.08166167607115972,-0.01229204196248812,True,False,3
2024-07-24,WEC,1019.73,1113.5145707921972,0.09197000264010786,0.011552077510713632,True,False,3
2024-07-31,ABNB,917.1500000000001,938.1147107743664,0.022858540886841045,-0.0020389249304911816,True,True,1
2024-07-31,BABA,1004.3399999999999,971.478686789984,-0.03271931139854627,0.00030866041380428477,False,False,0
2024-07-31,CNP,996.8899999999999,1032.9950271964135,0.03621766413186373,0.0,True,True,1
2024-07-31,DUK,1028.04,1051.3386797542923,0.022663203527384518,0.021526399750982472,True,True,1
2024-07-31,EVRG,1050.62,1095.5310793789938,0.04274721533855621,0.01835106889265381,True,False,2
2024-07-31,F,972.26,958.1676720605072,-0.014494402669545952,-0.013082920206529125,False,False,0
2024-07-31,JD,936.85,964.1970656599796,0.02919044207715166,-0.00553984095639648,True,True,1
2024-07-31,LCID,631.25,878.3780201139357,0.3914899328537595,0.025742574257425765,True,False,4
2024-07-31,NEE,1209.08,1206.9938245453254,-0.0017254238385173053,0.011124160518741544,False,False,0
2024-07-31,RIVN,972.64,1330.6667921639776,0.3680979521343741,-0.109033146899161,True,False,4
2024-07-31,SHOPCN,938.1100000000001,954.0022535178052,0.016940714327536324,0.008346569165662565,True,True,1
2024-07-31,SMCI,947.3399999999999,1350.464248658203,0.42553280623451245,-0.10448202334958934,True,False,4
2024-07-31,SO,1047.5700000000002,1085.9977472761584,0.036682748910486396,0.02641350935975617,True,True,1
2024-07-31,SPOT,971.0,981.2844866973298,0.010591644384479753,-0.003553038105046369,True,True,0
2024-07-31,UBER,1118.52,1214.04315561456,0.08540138362707862,0.01569931695454696,True,False,3
2024-07-31,WEC,1031.51,1136.6947220890418,0.10197159706550762,0.027154365929559665,True,False,3
2024-08-07,ABNB,915.2800000000001,935.461475461264,0.022049509943693577,0.0020867931124899375,True,True,1
2024-08-07,BABA,1004.6500000000001,970.5510691600556,-0.033941104703075195,0.01028218782660617,False,False,0
2024-08-07,CNP,996.8899999999999,1027.1966057581055,0.030401153345008643,-0.002858891151480969,True,True,1
2024-08-07,DUK,1050.17,1071.6011817925123,0.020407345279823488,0.004046963824904326,True,True,1
2024-08-07,EVRG,1069.8999999999999,1109.4221948746651,0.03694008306819822,0.0033648004486401817,True,True,1
2024-08-07,F,959.54,938.7257471226458,-0.021691907452898465,0.008816724680576149,False,False,0
2024-08-07,JD,931.66,955.3655218691946,0.02544439159048862,0.008726359401498351,True,True,1
2024-08-07,LCID,647.5,881.8108574702491,0.3618700501471028,-0.007722007722007707,True,False,4
2024-08-07,NEE,1222.53,1222.2203726394814,-0.0002532676993763438,0.0064620091122509216,False,False,0
2024-08-07,RIVN,866.59,1230.1933219124726,0.4195794111546089,-0.009381599141462527,True,False,4
2024-08-07,SHOPCN,945.9399999999999,963.210020833274,0.018256993924851566,0.0024737298348733727,True,True,1
2024-08-07,SMCI,848.36,1160.0075742754284,0.3673529801916974,0.042293366023857804,True,False,4
2024-08-07,SO,1075.24,1112.055211763094,0.03423906454660716,0.0015903426211820726,True,True,1
2024-08-07,SPOT,967.55,972.2041454142444,0.004810237625181597,0.004867965479820269,True,True,0
2024-08-07,UBER,1136.08,1227.8779940935542,0.08080240308213707,0.05501373142736421,True,False,3
2024-08-07,WEC,1059.52,1158.609338936481,0.09352285840425947,0.005549682875264361,True,False,3
2024-08-14,ABNB,917.1899999999999,936.3131587088556,0.020849724385193485,0.0030637054481623682,True,True,1
2024-08-14,BABA,1014.98,985.410669411158,-0.02913291945540014,0.022158072080238123,False,False,0
2024-08-14,CNP,994.04,1028.353724361264,0.034519460344919844,-8.04796587661194e-05,True,True,1
2024-08-14,DUK,1054.4199999999998,1072.087012381148,0.016755194686318736,-0.005254073329413078,True,True,1
2024-08-14,EVRG,1073.5,1111.1083811927103,0.0350334244925108,-0.0035025617140195253,True,True,1
2024-08-14,F,968.0,947.8536753205608,-0.020812318883718185,0.009669421487603413,False,False,0
2024-08-14,JD,939.79,965.94994204447,0.027835944247619242,0.016120622692303632,True,True,1
2024-08-14,LCID,642.5,884.9033151177331,0.3772814243077558,0.0330739299610896,True,False,4
2024-08-14,NEE,1230.43,1225.59166106287,-0.003932234208471976,0.011922661183488836,False,False,0
2024-08-14,RIVN,858.46,1215.687965168442,0.4161265116236538,-0.030065466067143554,True,False,4
2024-08-14,SHOPCN,948.28,973.0217769586438,0.026091214576542655,0.005125068545155376,True,True,1
2024-08-14,SMCI,884.24,1230.6290075743825,0.39173641497148115,0.022380801592327915,True,False,4
2024-08-14,SO,1076.9499999999998,1112.5762075357118,0.03308065140973301,0.003519197734342505,True,True,1
2024-08-14,SPOT,972.26,974.766242819734,0.0025777495934564665,0.00563635241602034,True,True,0
2024-08-14,UBER,1198.58,1292.797028636124,0.07860720906082536,0.017645880959135107,True,False,3
2024-08-14,WEC,1065.4,1164.4932638282053,0.09301038467073885,0.00908578937488258,True,False,3
2024-08-21,ABNB,920.0,936.4397851007642,0.01786933163126543,0.001413043478260878,True,True,1
2024-08-21,BABA,1037.47,1013.3811066384394,-0.023218881858329033,-0.019730691007932788,False,False,0
2024-08-21,CNP,993.96,1009.574735495858,0.015709621610384708,0.003963942210954308,True,True,0
2024-08-21,DUK,1048.88,1069.5897887023737,0.019744669268527897,0.004595377926931432,True,True,1
2024-08-21,EVRG,1069.74,1105.1700798561164,0.033120272081175274,0.003916839605885514,True,True,1
2024-08-21,F,977.36,962.7548711757888,-0.014943448498210683,0.01128550380617166,False,False,0
2024-08-21,JD,954.94,982.0384435733832,0.02837711644017758,-0.0019372944897062538,True,True,1
2024-08-21,LCID,663.75,888.9934831791729,0.33934988049592907,0.016949152542372836,True,False,4
2024-08-21,NEE,1245.1000000000001,1241.139178232416,-0.0031811274336070137,-0.0023210987069312017,False,False,0
2024-08-21,RIVN,832.65,1210.7155084358897,0.4540509318872151,0.05386416861826704,True,False,4
2024-08-21,SHOPCN,953.1399999999999,981.2486605755804,0.029490589604444818,-0.0009127725203011972,True,True,1
2024-08-21,SMCI,904.0300000000001,1274.5002043941463,0.40979857349219184,-0.09844806035197962,True,False,4
2024-08-21,SO,1080.74,1114.8119041014838,0.031526457891337255,-0.008179580657697416,True,True,1
2024-08-21,SPOT,977.74,980.0481638951662,0.0023607133748912972,-0.0022500869351771424,True,True,0
2024-08-21,UBER,1219.73,1307.950707361767,0.07232806224473197,-0.013683356152591197,True,False,2
2024-08-21,WEC,1075.08,1178.1327611685845,0.09585590018285574,0.010324813037169145,True,False,3
2024-08-28,ABNB,921.3,937.236482632818,0.017297821157948628,0.001031151633561267,True,True,1
2024-08-28,BABA,1017.0,986.9670985104408,-0.02953087658757051,0.020412979351032368,False,False,0
2024-08-28,CNP,997.9000000000001,1014.9548004596973,0.01709069091060944,0.004810101212546103,True,True,1
2024-08-28,DUK,1053.7,1070.6193692610052,0.01605710283857375,0.011407421467210854,True,True,0
2024-08-28,EVRG,1073.93,1109.1280863168654,0.03277502846262357,0.010186883688880766,True,True,1
2024-08-28,F,988.39,968.2469999881188,-0.02037960725207784,-0.003126296300043574,False,False,0
2024-08-28,JD,953.0899999999999,967.6917867838204,0.015320470033071845,0.010985321428196748,True,True,0
2024-08-28,LCID,675.0,892.3274762544027,0.3219666314880039,0.0018518518518517713,True,False,4
2024-08-28,NEE,1242.21,1239.6048282544543,-0.0020972071916549565,0.020020769435119545,False,False,0
2024-08-28,RIVN,877.5,1239.9109329970893,0.4130039122473952,-0.020182336182336225,True,False,4
2024-08-28,SHOPCN,952.27,976.6015364656712,0.025551089990938712,-0.0010711247860375472,True,True,1
2024-08-28,SMCI,815.03,1115.557131481754,0.36873137366937897,-0.004576518655755035,True,False,4
2024-08-28,SO,1071.9,1105.199128848699,0.03106551809748946,0.0094505084429517,True,True,1
2024-08-28,SPOT,975.54,976.9844867457718,0.0014807047848082939,-0.005186870861266568,True,True,0
2024-08-28,UBER,1203.04,1289.6544621643966,0.07199632777330482,0.0005569224630934677,True,False,2
2024-08-28,WEC,1086.1799999999998,1184.7930190444938,0.09078883706613451,0.007991308991143642,True,False,3
2024-09-04,ABNB,922.25,938.9401667162958,0.0180972260409822,0.003914339929520283,True,True,1
2024-09-04,BABA,1037.76,1009.8381855268856,-0.02690584959250155,0.010831020659882729,False,False,0
2024-09-04,CNP,1002.6999999999999,1018.3036453511212,0.0155616289529483,0.0026528373391843107,True,True,0
2024-09-04,DUK,1065.72,1090.1469436448106,0.02292060170101953,0.004184964155688142,True,True,1
2024-09-04,EVRG,1084.87,1124.5094001251036,0.03653838720317066,-0.0011245587028860804,True,True,1
2024-09-04,F,985.3,967.2504191463288,-0.01831886821645302,-0.008423830305490654,False,False,0
2024-09-04,JD,963.56,983.86018918504,0.02106790359192997,-0.007326995724189378,True,True,1
2024-09-04,LCID,676.25,895.334388154197,0.323969520375892,0.0,True,False,4
2024-09-04,NEE,1267.08,1243.8404341038504,-0.018341040736298848,0.009802064589449877,False,False,0
2024-09-04,RIVN,859.79,1224.105716500646,0.4237263942365531,0.0036055315832936863,True,False,4
2024-09-04,SHOPCN,951.25,974.4992893600364,0.024440777251023827,0.0012614980289094024,True,True,1
2024-09-04,SMCI,811.3,1086.5413371286184,0.3392596291490428,0.007025761124121788,True,False,4
2024-09-04,SO,1082.03,1126.9035840044694,0.041471663451539624,0.013123480864670967,True,False,2
2024-09-04,SPOT,970.48,974.081391022156,0.0037109379092366748,0.006357678674470346,True,True,0
2024-09-04,UBER,1203.71,1289.0703869826186,0.0709144120947891,-0.013749158850553833,True,False,2
2024-09-04,WEC,1094.8600000000001,1199.4429808905472,0.09552178442042553,0.008110626016111455,True,False,3
2024-09-11,ABNB,925.86,941.0831958401436,0.016442222193575273,0.0023113645691572593,True,True,1
2024-09-11,BABA,1049.0,1030.4714057886918,-0.017663102203344373,0.008551000953288979,False,False,0
2024-09-11,CNP,1005.36,1022.078920258352,0.016629784612827245,0.0011239754913663358,True,True,1
2024-09-11,DUK,1070.18,1087.3231836403995,0.016018972173278752,-0.009512418471659068,True,True,0
2024-09-11,EVRG,1083.6499999999999,1126.9805617228076,0.03998575344696878,0.015844599270982362,True,True,2
2024-09-11,F,977.0,956.7285778560135,-0.02074864088432595,0.013848515864892441,False,False,0
2024-09-11,JD,956.5,984.9009872894956,0.029692616089383755,0.013591217982226844,True,True,1
2024-09-11,LCID,676.25,899.3164776314355,0.3298580075880747,0.012939001848428777,True,False,4
2024-09-11,NEE,1279.5,1270.5566553115434,-0.0069897183966053855,0.022071121531848314,False,False,0
2024-09-11,RIVN,862.89,1252.954975500879,0.452044844071526,-0.005678591709256109,True,False,4
2024-09-11,SHOPCN,952.45,977.2647747534188,0.026053624603305958,0.006331040999527415,True,True,1
2024-09-11,SMCI,817.0,1109.8359534193137,0.3584283395585235,0.004920440636474899,True,False,4
2024-09-11,SO,1096.23,1127.8920155272624,0.028882639160816966,-0.0029738284848982444,True,True,1
2024-09-11,SPOT,976.6500000000001,979.721090462586,0.003144514885154208,0.0035529616546357,True,True,0
2024-09-11,UBER,1187.1599999999999,1276.0155307446146,0.07484714001871251,0.03503318844974568,True,False,2
2024-09-11,WEC,1103.74,1207.605751920397,0.09410345907586667,0.0011415731965862541,True,False,3
2024-09-18,ABNB,928.0,943.7260006633584,0.01694612140448101,0.004310344827586299,True,True,1
2024-09-18,BABA,1057.97,1026.3160337191734,-0.02991953106498916,0.07451061939374481,False,False,0
2024-09-18,CNP,1006.49,1023.9647191401316,0.01736203950375223,0.0019374261045812524,True,True,1
2024-09-18,DUK,1060.0,1085.4044851400558,0.02396649541514702,0.004094339622641385,True,True,1
2024-09-18,EVRG,1100.82,1139.978542204497,0.03557215730500632,-0.003015933576788199,True,True,1
2024-09-18,F,990.53,970.5417804466648,-0.02017931769187725,-0.012548837491040077,False,False,0
2024-09-18,JD,969.5,987.4308457912448,0.018494941507214844,0.06900464156781849,True,True,1
2024-09-18,LCID,685.0,899.3811528709044,0.31296518667285317,0.0,True,False,4
2024-09-18,NEE,1307.74,1279.4694234650294,-0.021617887756718145,0.0010934895315584114,False,False,0
2024-09-18,RIVN,857.99,1213.822843730885,0.41472842775659985,-0.08234361705847393,True,False,4
2024-09-18,SHOPCN,958.48,983.9812011838028,0.026605877205369728,0.0042567398380768395,True,True,1
2024-09-18,SMCI,821.02,1103.2235463847585,0.3437231083101003,0.010011936371830288,True,False,4
2024-09-18,SO,1092.97,1130.0241026212414,0.03390221380389336,-0.001930519593401625,True,True,1
2024-09-18,SPOT,980.12,984.699806214119,0.004672699479776969,0.026588580990082766,True,True,0
2024-09-18,UBER,1228.75,1309.6949531021155,0.06587585196509908,0.03908850457782287,True,False,2
2024-09-18,WEC,1105.0,1204.6292584791724,0.09016222486802937,-0.002488687782805421,True,False,3
2024-09-25,ABNB,932.0,946.8420051852884,0.015924898267476794,0.0005364806866952065,True,True,0
2024-09-25,BABA,1136.8000000000002,1099.7080060688843,-0.03262842534404987,0.14394792399718503,False,False,0
2024-09-25,CNP,1008.4399999999999,1027.9033538446406,0.019300457979295412,0.008587521320058578,True,True,1
2024-09-25,DUK,1064.34,1086.08120731569,0.020426938117227757,0.00032884228723917275,True,True,1
2024-09-25,EVRG,1097.5,1142.9949384914112,0.04145324691700335,-0.0011936218678815225,True,False,2
2024-09-25,F,978.1,958.5186137522868,-0.02001982031255825,0.00241284122277885,False,False,0
2024-09-25,JD,1036.4,1076.3052513693044,0.03850371610314967,0.1769972983404089,True,True,2
2024-09-25,LCID,685.0,899.885925169622,0.31370208053959425,-0.021897810218978075,True,False,4
2024-09-25,NEE,1309.17,1283.6174582132844,-0.01951812353377763,0.0056066057120160995,False,False,0
2024-09-25,RIVN,787.3399999999999,1142.4134486980786,0.450978546368886,-0.024411308964360945,True,False,4
2024-09-25,SHOPCN,962.56,989.5261919999812,0.02801507646274645,-0.0011323969414892554,True,True,1
2024-09-25,SMCI,829.24,1121.2522072820875,0.3521443819426071,-0.015327287636872189,True,False,4
2024-09-25,SO,1090.86,1132.8016929281282,0.03844828202347534,0.011825532148946882,True,True,2
2024-09-25,SPOT,1006.18,1011.2376239837312,0.005026559843895942,-0.00856705559641413,True,True,0
2024-09-25,UBER,1276.78,1347.632711757073,0.055493281346099516,-0.026120396622754005,True,False,2
2024-09-25,WEC,1102.25,1193.0172378574985,0.08234723325697298,0.004000907235200524,True,False,3
2024-10-02,ABNB,932.5,944.5312579838863,0.01290215333392638,-0.0015335120643432676,True,True,0
2024-10-02,BABA,1300.44,1244.6078198079654,-0.04293329964630024,-0.04676109624434821,False,False,0
2024-10-02,CNP,1017.0999999999999,1038.1101824549912,0.02065694863336084,-0.0075607118277454255,True,True,1
2024-10-02,DUK,1064.69,1087.4137772995389,0.02134309263686033,-0.018399721984802997,True,True,1
2024-10-02,EVRG,1096.19,1139.499662435053,0.039509266126358605,-0.01469635738330044,True,True,2
2024-10-02,F,980.46,959.4799641093592,-0.02139815585606838,0.0003671745915181379,False,False,0
2024-10-02,JD,1219.84,1267.0651118231517,0.03871418532196993,-0.024798334207764783,True,True,2
2024-10-02,LCID,670.0,898.6100318535474,0.3412090027664887,0.005597014925373234,True,False,4
2024-10-02,NEE,1316.5100000000002,1291.7365967547778,-0.018817482013218603,-0.04718536129615447,False,False,0
2024-10-02,RIVN,768.12,1127.600616778119,0.4680005946702586,-0.008995990209863192,True,False,4
2024-10-02,SHOPCN,961.47,988.6624842309268,0.02828219729261107,0.007790154659011783,True,True,1
2024-10-02,SMCI,816.5300000000001,1088.5013231960595,0.33308185026399445,0.03110724651880492,True,False,4
2024-10-02,SO,1103.76,1145.4403898859168,0.03776218551670367,-0.017449445531637298,True,True,1
2024-10-02,SPOT,997.56,1003.900786503658,0.006356295865570015,0.00060146758089763,True,True,0
2024-10-02,UBER,1243.43,1301.5986927334177,0.0467808342515603,0.023201949446289616,True,False,2
2024-10-02,WEC,1106.6599999999999,1177.668210604002,0.06416443225923249,-0.016590461388321542,True,False,2
2024-10-09,ABNB,931.0699999999999,942.335840294062,0.012099885394290504,0.0006766408540712643,True,True,0
2024-10-09,BABA,1239.6299999999999,1179.2553394415752,-0.04870377496383978,-0.03293724740446735,False,False,0
2024-10-09,CNP,1009.4100000000001,1028.973015134016,0.01938064328074401,0.005022736053734267,True,True,1
2024-10-09,DUK,1045.1000000000001,1064.322590662733,0.018393063498931158,0.029432590182757457,True,True,1
2024-10-09,EVRG,1080.08,1117.8919657867723,0.035008486210995816,0.008471594696689122,True,True,1
2024-10-09,F,980.8199999999999,959.141695863203,-0.02210222480862635,0.009594013172651517,False,False,0
2024-10-09,JD,1189.5900000000001,1225.3982236039844,0.03010131524641623,-0.02958162055834368,True,True,1
2024-10-09,LCID,673.75,892.7585962631325,0.325059141021347,0.13988868274582567,True,False,4
2024-10-09,NEE,1254.3899999999999,1233.0211342408738,-0.01703526475747259,0.03574645843796609,False,False,0
2024-10-09,RIVN,761.2099999999999,1111.7323606052382,0.4604804989493548,-0.018010798596970523,True,False,4
2024-10-09,SHOPCN,968.96,993.3771076550069,0.02519929373246245,-0.00455127146631451,True,True,1
2024-10-09,SMCI,841.93,1124.324221670996,0.3354129460537052,0.006306937631394671,True,False,4
2024-10-09,SO,1084.5,1122.5152334501288,0.03505323508541151,0.012005532503457816,True,True,1
2024-10-09,SPOT,998.1600000000001,999.8929071278668,0.0017361015547274225,-0.0037569127194037044,True,True,0
2024-10-09,UBER,1272.28,1346.2371930274487,0.05812965151338443,0.038765051718175236,True,False,2
2024-10-09,WEC,1088.3,1149.7756178421437,0.05648774955632061,0.022925663879445057,True,False,2
2024-10-16,ABNB,931.7,943.7666934872268,0.012951264878423052,-0.002253944402704877,True,True,0
2024-10-16,BABA,1198.8,1140.3027974514346,-0.04879646525572688,-0.03381715048381717,False,False,0
2024-10-16,CNP,1014.4799999999999,1034.5737718966243,0.019806967014257937,-0.002010882422521787,True,True,1
2024-10-16,DUK,1075.86,1081.3924793678236,0.005142378532358974,0.0014500027884669642,True,True,0
2024-10-16,EVRG,1089.23,1134.1095664610646,0.041203020905653115,-0.00021115834121354649,True,False,2
2024-10-16,F,990.23,967.0569777403337,-0.023401656443115607,0.0014037142885996445,False,False,0
2024-10-16,JD,1154.4,1189.2875483851803,0.0302213690100314,-0.007553707553707545,True,True,1
2024-10-16,LCID,768.0,894.7185173556035,0.164998069473442,-0.02506510416666663,True,False,3
2024-10-16,NEE,1299.23,1276.1965207780038,-0.017728561703467614,0.00253996597984929,False,False,0
2024-10-16,RIVN,747.5,1088.365564506475,0.45600744415581945,0.013739130434782476,True,False,4
2024-10-16,SHOPCN,964.55,990.9087257399954,0.027327485086304917,-0.001441086517028567,True,True,1
2024-10-16,SMCI,847.24,1141.492409602275,0.3473070317764448,-0.014671167555828424,True,False,4
2024-10-16,SO,1097.52,1145.136214305008,0.04338528163952187,0.00953057803046864,True,False,2
2024-10-16,SPOT,994.4100000000001,998.626393699166,0.004240095834882901,0.006989068895123518,True,True,0
2024-10-16,UBER,1321.6,1391.4726715326185,0.05286975751560124,-0.024606537530266315,True,False,2
2024-10-16,WEC,1113.25,1177.3781380477506,0.057604435704244825,0.0018773860318888058,True,False,2
2024-10-23,ABNB,929.5999999999999,942.2338545827614,0.01359063530847838,0.0024741824440619453,True,True,0
2024-10-23,BABA,1158.26,1103.965444326832,-0.046875965390471834,0.0040405435739816475,False,False,0
2024-10-23,CNP,1012.44,1030.2920431226175,0.017632692428803175,-0.006597921852159239,True,True,1
2024-10-23,DUK,1077.42,1083.9981599887446,0.006105474177892162,-0.024660763676189523,True,True,0
2024-10-23,EVRG,1089.0,1138.9406111603837,0.04585914707105941,-0.010486685032139675,True,False,2
2024-10-23,F,991.6200000000001,967.5099362283596,-0.024313813529013642,-0.01519735382505416,False,False,0
2024-10-23,JD,1145.68,1175.6839357310678,0.026188757533576315,-0.005682214929125018,True,True,1
2024-10-23,LCID,748.75,892.1902253921357,0.19157292205961368,-0.011686143572620988,True,False,3
2024-10-23,NEE,1302.5299999999997,1283.1773000457565,-0.014857776753121417,-0.04627916439544555,False,False,0
2024-10-23,RIVN,757.77,1076.8890011501458,0.42112910401592274,0.025852171503226717,True,False,4
2024-10-23,SHOPCN,963.1600000000001,985.7890044755828,0.023494543456520977,0.0020557332115120897,True,True,1
2024-10-23,SMCI,834.81,1108.3801380607406,0.32770347511498504,-0.05483882560103481,True,False,4
2024-10-23,SO,1107.98,1154.999749121147,0.04243736269711278,-0.022265744869040982,True,False,2
2024-10-23,SPOT,1001.3599999999999,1003.3894187450792,0.0020266624841009063,0.012483023088599499,True,True,0
2024-10-23,UBER,1289.08,1360.8093031745598,0.055643794934806104,-0.005306109783721813,True,False,2
2024-10-23,WEC,1115.3400000000001,1176.421266954833,0.05476470578911625,-0.021428443344630455,True,False,2
2024-10-30,ABNB,931.9,942.899237658531,0.01180302356318382,-0.00042923060414201686,True,True,0
2024-10-30,BABA,1162.94,1107.187407494917,-0.04794107392048012,-0.015933754105972753,False,False,0
2024-10-30,CNP,1005.76,1025.7466587925098,0.019872194949600148,-0.0003877664651605883,True,True,1
2024-10-30,DUK,1050.85,1054.107748815158,0.0031001083077109373,-0.0035685397535328844,True,True,0
2024-10-30,EVRG,1077.58,1120.5083638542478,0.03983775112218851,0.007813805007516939,True,True,2
2024-10-30,F,976.55,955.940589627044,-0.021104306357028264,0.012841124366391954,False,False,0
2024-10-30,JD,1139.17,1172.7973472974816,0.029519165091673315,-0.00999850768542021,True,True,1
2024-10-30,LCID,740.0,890.3307546178564,0.2031496684025087,0.010135135135135087,True,False,3
2024-10-30,NEE,1242.25,1217.0513631567928,-0.020284674456194137,-0.04125578587240897,False,False,0
2024-10-30,RIVN,777.36,1082.0761192603884,0.39198842140113765,-0.048060100854173116,True,False,4
2024-10-30,SHOPCN,965.14,978.5060863042124,0.013848857475819513,0.00012433429347047387,True,True,0
2024-10-30,SMCI,789.0300000000001,1004.088187037864,0.27256021575588246,0.025563033091263954,True,False,4
2024-10-30,SO,1083.31,1122.7032931340812,0.03636382303687883,-0.0097386712944586,True,True,1
2024-10-30,SPOT,1013.8599999999999,1013.3732136624508,-0.0004801317120205154,-0.007515830588049499,False,False,0
2024-10-30,UBER,1282.2399999999998,1353.5575981692132,0.055619539375790346,-0.044118105814824005,True,False,2
2024-10-30,WEC,1091.44,1152.5596707460204,0.055999111949369955,-0.0010444916807155202,True,False,2
2024-11-06,ABNB,931.5,943.7461760500024,0.013146726838435232,0.0016103059581320522,True,True,0
2024-11-06,BABA,1144.41,1089.6449459894989,-0.04785440009306211,-0.027123146424795297,False,False,0
2024-11-06,CNP,1005.3700000000001,1024.0587811276391,0.018588958420918667,0.007788177486895087,True,True,1
2024-11-06,DUK,1047.1,1053.13503581298,0.00576357159104206,-0.009645688090917703,True,True,0
2024-11-06,EVRG,1086.0,1128.8013974181818,0.03941196815670511,0.01887661141804786,True,True,2
2024-11-06,F,989.09,973.3562968988618,-0.015907251211859576,0.002942098292369799,False,False,0
2024-11-06,JD,1127.78,1148.1796966124066,0.01808836529501021,-0.047021582223483294,True,True,1
2024-11-06,LCID,747.5,889.293587463371,0.1896904180111986,-0.006688963210702337,True,False,3
2024-11-06,NEE,1191.0,1170.8268531092226,-0.01693799067235717,-0.0034424853064650707,False,False,0
2024-11-06,RIVN,740.0,1053.5979826900225,0.4237810576892196,0.1659459459459458,True,False,4
2024-11-06,SHOPCN,965.26,980.381447276728,0.01566567274799325,0.07233284296458975,True,True,0
2024-11-06,SMCI,809.2,923.9129217703612,0.1417609018417711,0.049196737518536704,True,False,3
2024-11-06,SO,1072.76,1110.8090280284816,0.03546835082262728,-0.0002423654871546166,True,True,1
2024-11-06,SPOT,1006.24,1010.281628892522,0.004016565523654396,0.0737100492924152,True,True,0
2024-11-06,UBER,1225.6699999999998,1297.4157055938776,0.058535907376274045,-0.02951039023554447,True,False,2
2024-11-06,WEC,1090.3,1148.660210974784,0.053526745826638515,0.009355223333027629,True,False,2
2024-11-13,ABNB,933.0,943.5480566631276,0.01130552697012601,0.001607717041800738,True,True,0
2024-11-13,BABA,1113.3700000000001,1056.9453217442376,-0.05067917965794165,-0.03482220645427858,False,False,0
2024-11-13,CNP,1013.1999999999999,1035.335691832595,0.02184730737524198,0.006454796683774244,True,True,1
2024-11-13,DUK,1037.0,1044.9081379177885,0.007625976777038098,0.012507232401157253,True,True,0
2024-11-13,EVRG,1106.5,1151.928642500562,0.04105616131998382,0.0007320379575237457,True,False,2
2024-11-13,F,992.0,972.541818242548,-0.019615102578076665,-0.01114919354838717,False,False,0
2024-11-13,JD,1074.75,1100.415624517644,0.02388055316831253,-0.010904861595719906,True,True,1
2024-11-13,LCID,742.5,890.6476086009712,0.19952539878918685,-0.006734006734006703,True,False,3
2024-11-13,NEE,1186.9,1170.84563488077,-0.013526299704465556,0.01809756508551663,False,False,0
2024-11-13,RIVN,862.8,1141.1927305115796,0.3226619500597817,-0.08227862772369032,True,False,4
2024-11-13,SHOPCN,1035.08,1067.6791958808692,0.03149437326667434,-0.028036480272056297,True,True,1
2024-11-13,SMCI,849.01,909.4599444282928,0.07120050933239047,-0.014028103320337881,True,False,2
2024-11-13,SO,1072.5,1111.5012000601505,0.03636475530083962,0.003505827505827508,True,True,1
2024-11-13,SPOT,1080.4099999999999,1072.94907859406,-0.0069056389758886646,0.0017030571727401078,False,False,0
2024-11-13,UBER,1189.5,1263.5241843663296,0.06223134457026445,-0.009810844892812143,True,False,2
2024-11-13,WEC,1100.5,1158.5205209889905,0.05272196364288095,0.011167651067696571,True,False,2
2024-11-20,ABNB,934.5,944.0363370196744,0.010204748014632873,0.001391118245050782,True,True,0
2024-11-20,BABA,1074.6,1022.734547452374,-0.04826489163188709,0.0037316210683047135,False,False,0
2024-11-20,CNP,1019.74,1046.3165112871568,0.02606204648945495,0.016916076646988465,True,True,1
2024-11-20,DUK,1049.97,1053.6990523631764,0.003551579914832213,0.014981380420392654,True,True,0
2024-11-20,EVRG,1107.31,1161.8334693511945,0.04923957098842649,0.017574121068174353,True,False,2
2024-11-20,F,980.9399999999999,964.0209971421432,-0.01724774487517764,0.01178461475727377,False,False,0
2024-11-20,JD,1063.03,1094.3317460009146,0.029445778577194052,0.03329162864641644,True,True,1
2024-11-20,LCID,737.5,890.5431664163476,0.20751615785267474,0.011023728813559286,True,False,3
2024-11-20,NEE,1208.3799999999999,1198.91162696451,-0.007835592309943707,0.023477713964150437,False,False,0
2024-11-20,RIVN,791.81,1070.91528928188,0.35249023033540877,0.08368169131483572,True,False,4
2024-11-20,SHOPCN,1006.06,1035.0624573380353,0.028827761105734605,0.02578375047213899,True,True,1
2024-11-20,SMCI,837.0999999999999,954.4250554783956,0.14015655892772158,0.018396846254927768,True,False,3
2024-11-20,SO,1076.26,1114.2354821655638,0.035284673002400714,0.00838087450987679,True,True,1
2024-11-20,SPOT,1082.25,1074.7645697611638,-0.00691654445722912,0.00648648648648642,False,False,0
2024-11-20,UBER,1177.83,1248.1788429395035,0.05972750137074415,0.018296358557686743,True,False,2
2024-11-20,WEC,1112.79,1168.3780421257168,0.049953757785131794,0.01407273609575932,True,False,2
2024-11-27,ABNB,935.8,945.8910960989994,0.010783389718956402,0.0007480230818550648,True,True,0
2024-11-27,BABA,1078.6100000000001,1028.8746163352243,-0.04611062725616838,-0.010476446537673656,False,False,0
2024-11-27,CNP,1036.99,1057.4687300254504,0.019748242534113572,-0.0067406628800663615,True,True,1
2024-11-27,DUK,1065.6999999999998,1070.084008154558,0.0041137357178926155,-0.015388946232522849,True,True,0
2024-11-27,EVRG,1126.77,1169.5071105724785,0.03792886797880536,-0.017536853128855,True,True,1
2024-11-27,F,992.5,974.740031337328,-0.01789417497498439,-0.011526448362720432,False,False,0
2024-11-27,JD,1098.42,1132.105499417522,0.030667230583494378,-0.022058957411554836,True,True,1
2024-11-27,LCID,745.63,894.59097374449,0.19977867540803085,-0.0008449230851762524,True,False,3
2024-11-27,NEE,1236.75,1216.557997745867,-0.016326664446438696,-0.026076409945421486,False,False,0
2024-11-27,RIVN,858.07,1157.4369329089675,0.3488840454845962,0.003193212674956536,True,False,4
2024-11-27,SHOPCN,1032.0,1059.416839577342,0.026566705016804252,-0.001211240310077466,True,True,1
2024-11-27,SMCI,852.5,1036.6391559039855,0.2159990098580475,0.032258064516129004,True,False,3
2024-11-27,SO,1085.28,1125.0721585759215,0.03666533850796253,-0.02016069585729019,True,True,1
2024-11-27,SPOT,1089.27,1080.048623098748,-0.008465648462963191,0.025686927942567106,False,False,0
2024-11-27,UBER,1199.38,1269.5790297056735,0.0585294316277355,0.0009338158048324274,True,False,2
2024-11-27,WEC,1128.45,1188.5391437957653,0.05324927448780652,-0.020408524967876263,True,False,2
2024-12-04,ABNB,936.5,947.696090040216,0.011955248307758622,0.0018152696209288166,True,True,0
2024-12-04,BABA,1067.31,1018.4675431257484,-0.0457622029909319,0.029785160824877366,False,False,0
2024-12-04,CNP,1030.0,1054.8813622586558,0.024156662387044493,-0.00737864077669903,True,True,1
2024-12-04,DUK,1049.3000000000002,1052.8274122060136,0.003361681317081314,-0.012198608596207139,True,True,0
2024-12-04,EVRG,1107.01,1154.7548287817858,0.04312953702476566,-0.00906947543382619,True,False,2
2024-12-04,F,981.06,968.5728543407024,-0.01272821811030675,-0.00362872811041115,False,False,0
2024-12-04,JD,1074.19,1110.5882623677026,0.033884380200618604,0.03656708775914863,True,True,1
2024-12-04,LCID,745.0,897.4501161752437,0.2046310284231459,0.037583892617449655,True,False,3
2024-12-04,NEE,1204.5,1187.3348675911195,-0.014250836371009117,-0.01860523038605222,False,False,0
2024-12-04,RIVN,860.8100000000001,1151.2397635042869,0.33739125184917323,0.07010838628733396,True,False,4
2024-12-04,SHOPCN,1030.75,1062.6367309744144,0.03093546541296568,0.014678632064030861,True,True,1
2024-12-04,SMCI,880.0,1100.0432739017133,0.2500491748883106,0.008522727272727293,True,False,4
2024-12-04,SO,1063.4,1103.7508342895412,0.037945114058248186,-0.014105698702275737,True,True,1
2024-12-04,SPOT,1117.25,1110.5597396918167,-0.0059881497499962135,-0.028417990601924403,False,False,0
2024-12-04,UBER,1200.5,1271.9261142687876,0.05949697148587057,-0.08704706372344861,True,False,2
2024-12-04,WEC,1105.42,1146.3202204399015,0.03699971091521904,-0.01149789220386821,True,True,1
2024-12-11,ABNB,938.1999999999999,948.4197667682045,0.010892951149226735,-0.0012790449797484005,True,True,0
2024-12-11,BABA,1099.1,1044.2240185582064,-0.04992810612482355,-0.02739514147939215,False,False,0
2024-12-11,CNP,1022.4,1046.2536128819604,0.023330998515219515,-0.0007726917057903071,True,True,1
2024-12-11,DUK,1036.5,1040.2394821403286,0.003607797530466588,-0.010274963820550043,True,True,0
2024-12-11,EVRG,1096.97,1145.222903581023,0.04398744138948469,-0.009845301147706875,True,False,2
2024-12-11,F,977.5,962.7858609903224,-0.015052827631383773,-0.006813299232736547,False,False,0
2024-12-11,JD,1113.47,1151.1591708320127,0.03384839360917912,-0.023413293577734584,True,True,1
2024-12-11,LCID,773.0,900.5148974445847,0.16496105749622855,0.007438551099612001,True,False,3
2024-12-11,NEE,1182.0900000000001,1168.1954249389166,-0.011754244652339088,-0.011073606916563117,False,False,0
2024-12-11,RIVN,921.16,1216.874271168524,0.3210237864958575,-0.024545138738112704,True,False,4
2024-12-11,SHOPCN,1045.8799999999999,1075.5763557652756,0.028393654879408457,0.004130492981986533,True,True,1
2024-12-11,SMCI,887.5,1069.0614121131412,0.20457623900072244,-0.0014084507042253502,True,False,3
2024-12-11,SO,1048.4,1090.1603907441283,0.039832497848271885,-0.005436856161770365,True,True,2
2024-12-11,SPOT,1085.5,1082.3169220966126,-0.0029323610349031386,-0.01813910640257954,False,False,0
2024-12-11,UBER,1096.0,1159.6452081450127,0.05807044538778531,0.00877737226277353,True,False,2
2024-12-11,WEC,1092.71,1128.550487841134,0.03279963379225418,-0.011595025212545074,True,True,1
2024-12-18,ABNB,937.0,946.028370358752,0.009635400596320171,0.0,True,True,0
2024-12-18,BABA,1068.99,1009.5744485996177,-0.05558101703512882,0.004424737368918352,False,False,0
2024-12-18,CNP,1021.61,1045.3292137839942,0.023217483955711257,0.0053151398283102225,True,True,1
2024-12-18,DUK,1025.85,1027.953894655148,0.0020508794220870465,0.002485743529756057,True,True,0
2024-12-18,EVRG,1086.17,1103.769297994957,0.016203078703109955,-0.0041706178590827925,True,True,1
2024-12-18,F,970.84,950.2938868412054,-0.021163233034068005,-0.007045445181492305,False,False,0
2024-12-18,JD,1087.3999999999999,1117.2246939462918,0.02742752799916496,-0.004533750229906097,True,True,1
2024-12-18,LCID,778.75,893.4640056147617,0.14730530416020768,0.011235955056179803,True,False,3
2024-12-18,NEE,1169.0,1132.4301148023778,-0.03128304978410793,-0.010923866552609018,False,False,0
2024-12-18,RIVN,898.5500000000001,1184.2282356429398,0.3179324863868897,0.027855990206443693,True,False,4
2024-12-18,SHOPCN,1050.2,1044.9076099543547,-0.00503941158412239,-0.022738525995048442,False,False,0
2024-12-18,SMCI,886.25,1014.5521463054758,0.14476969963946498,0.007729196050775711,True,False,3
2024-12-18,SO,1042.7,1056.9923936362943,0.013707100447198872,-0.002253764265848446,True,True,0
2024-12-18,SPOT,1065.81,1053.240237268068,-0.011793624315714677,0.013614058790966554,False,False,0
2024-12-18,UBER,1105.62,1154.0595575018915,0.043812121254944394,0.0012753025451783806,True,False,2
2024-12-18,WEC,1080.04,1108.8144555752624,0.026642027679773375,0.002027702677678711,True,True,1
2024-12-25,ABNB,937.0,948.4060293974062,0.01217292358314429,0.0016008537886873508,True,True,0
2024-12-25,BABA,1073.72,1050.3341282949232,-0.021780232933238507,-0.005979212457624006,False,False,0
2024-12-25,CNP,1027.04,1056.3767985451111,0.028564416717081275,-0.005997818974918245,True,True,1
2024-12-25,DUK,1028.4,1038.0887506718243,0.009421188906869125,-0.0018475301439129233,True,True,0
2024-12-25,EVRG,1081.64,1115.117820216312,0.0309509820423727,0.003836766391775326,True,True,1
2024-12-25,F,964.0,957.912968745014,-0.0063143477748817,0.004149377593360981,False,False,0
2024-12-25,JD,1082.47,1117.958729076676,0.032784953926368404,-0.01611130100603253,True,True,1
2024-12-25,LCID,787.5,898.1669445132069,0.14052945335010397,-0.0031746031746031633,True,False,3
2024-12-25,NEE,1156.23,1155.277716208925,-0.0008236110385260139,0.000233517552735929,False,False,0
2024-12-25,RIVN,923.58,1220.98053292824,0.32200841608549347,0.011303839407522887,True,False,4
2024-12-25,SHOPCN,1026.3200000000002,1046.0264818861217,0.01920110870500578,0.0,True,True,1
2024-12-25,SMCI,893.1,1033.816372157985,0.1575594806382095,0.010525137162691767,True,False,3
2024-12-25,SO,1040.35,1064.9148846344367,0.023612134987683758,0.004431201038112231,True,True,1
2024-12-25,SPOT,1080.32,1064.7096874029205,-0.014449711749370028,-0.010283989928909887,False,False,0
2024-12-25,UBER,1107.03,1156.916226399933,0.0450631206019106,-0.0018247021309268918,True,False,2
2024-12-25,WEC,1082.23,1120.1874263839295,0.03507334520751549,-0.0046847712593443,True,True,1
2025-01-01,ABNB,938.5,949.3143950753464,0.011523063479324877,0.0037293553542887548,True,True,0
2025-01-01,BABA,1067.3,1046.8847103294825,-0.01912797682986742,-0.010015928042724442,False,False,0
2025-01-01,CNP,1020.8799999999999,1051.2094894304469,0.029709162125271322,-0.0034480056421909433,True,True,1
2025-01-01,DUK,1026.5,1033.974793143806,0.007281824786951761,-0.00010716025328794121,True,True,0
2025-01-01,EVRG,1085.79,1115.4921861486098,0.027355369038773454,-0.007303438049714783,True,True,1
2025-01-01,F,968.0,953.5041927147428,-0.014975007526092179,-0.0006404958677685979,False,False,0
2025-01-01,JD,1065.03,1092.9314398982262,0.02619779714958853,-0.001014055942086034,True,True,1
2025-01-01,LCID,785.0,900.5666859002399,0.14721870815317187,0.022292993630573354,True,False,3
2025-01-01,NEE,1156.5,1145.473188821145,-0.009534640016303537,-0.010687418936446091,False,False,0
2025-01-01,RIVN,934.02,1196.24760078077,0.28075159073763944,0.008415237361084404,True,False,4
2025-01-01,SHOPCN,1026.3200000000002,1036.0334398904126,0.009464338501064457,-0.009811754618442747,True,True,0
2025-01-01,SMCI,902.5,1007.5758223351542,0.11642750397246998,0.009008310249307483,True,False,3
2025-01-01,SO,1044.96,1063.00682380456,0.01727034891724091,-0.0008325677537894816,True,True,1
2025-01-01,SPOT,1069.21,1045.6303566465615,-0.02205333222981317,0.0304056265841135,False,False,0
2025-01-01,UBER,1105.01,1145.4513413025134,0.03659816771116403,0.042904589098741175,True,True,1
2025-01-01,WEC,1077.1599999999999,1116.055765112311,0.03610955207426122,0.0027665342196145914,True,True,1
2025-01-08,ABNB,942.0,949.6453282223556,0.0081160596840293,0.0005307855626326408,True,True,0
2025-01-08,BABA,1056.6100000000001,1035.5388603179813,-0.01994221111102378,-0.008792269616982762,False,False,0
2025-01-08,CNP,1017.36,1046.2077772875227,0.02835552536714901,0.005307855626326852,True,True,1
2025-01-08,DUK,1026.3899999999999,1035.315160317307,0.008695681288113698,-0.005241672268825548,True,True,0
2025-01-08,EVRG,1077.8600000000001,1108.2302823093914,0.028176462907419618,0.007552001187538071,True,True,1
2025-01-08,F,967.38,951.1895963850636,-0.016736343127764036,0.009944385866980987,False,False,0
2025-01-08,JD,1063.95,1092.6470449015176,0.02697217435172473,0.009192161285774603,True,True,1
2025-01-08,LCID,802.5,901.1236775158584,0.12289554830636559,-0.0031152647975077885,True,False,3
2025-01-08,NEE,1144.14,1136.3359268154911,-0.006820907567700612,-0.01042704564126773,False,False,0
2025-01-08,RIVN,941.88,1228.787249801397,0.3046112560001241,-0.005871236250902467,True,False,4
2025-01-08,SHOPCN,1016.25,1040.7563631542932,0.024114502488849436,-0.002174661746617512,True,True,1
2025-01-08,SMCI,910.63,1026.7724996454065,0.12754082299661385,-0.01936022314222019,True,False,3
2025-01-08,SO,1044.0900000000001,1066.0356126116392,0.021018889762031083,-0.000996082713176083,True,True,1
2025-01-08,SPOT,1101.72,1078.6403280943214,-0.020948763665612543,0.010401917002505146,False,False,0
2025-01-08,UBER,1152.42,1188.431644527103,0.03124871533564396,0.012998733100779036,True,True,1
2025-01-08,WEC,1080.1399999999999,1119.0603504148935,0.036032690590936015,0.0024348695539468945,True,True,1
2025-01-15,ABNB,942.5,950.4992388278772,0.008487256050798097,0.0008488063660476719,True,True,0
2025-01-15,BABA,1047.32,1028.116462596052,-0.01833588340139389,0.026687163426651006,False,False,0
2025-01-15,CNP,1022.76,1053.4487813119722,0.030005848206785764,0.006335797254487963,True,True,1
2025-01-15,DUK,1021.01,1030.8555114207204,0.009642913801745735,0.006846162133573586,True,True,0
2025-01-15,EVRG,1086.0,1116.6835491990826,0.02825372854427492,0.009631675874769874,True,True,1
2025-01-15,F,977.0,955.2432183414307,-0.02226896792074642,-0.003326509723643789,False,False,0
2025-01-15,JD,1073.73,1104.4273207741546,0.028589422642707762,0.044955435724064685,True,True,1
2025-01-15,LCID,800.0,903.8002535558844,0.1297503169448555,0.0031250000000000444,True,False,3
2025-01-15,NEE,1132.21,1125.520902172998,-0.005908001013064815,0.014281802845761637,False,False,0
2025-01-15,RIVN,936.35,1221.0693393758336,0.3040736256483511,-0.04009184599775728,True,False,4
2025-01-15,SHOPCN,1014.04,1032.2595147035909,0.017967254451097495,0.0073567117667943105,True,True,1
2025-01-15,SMCI,893.0,1016.0756763179512,0.13782270584317044,0.0008398656215005129,True,False,3
2025-01-15,SO,1043.0500000000002,1063.0136395822703,0.019139676508575964,0.0018982790853743214,True,True,1
2025-01-15,SPOT,1113.18,1090.6949771327836,-0.020198910209684378,0.005524712984423141,False,False,0
2025-01-15,UBER,1167.3999999999999,1209.966322526902,0.03646250002304458,0.008771629261606906,True,True,1
2025-01-15,WEC,1082.77,1125.6368884077322,0.03959002226486897,0.010768676634927088,True,True,2
2025-01-22,ABNB,943.3,951.1705165706992,0.008343598611999617,0.0012721297572353407,True,True,0
2025-01-22,BABA,1075.27,1057.9396605612496,-0.016117197949120074,0.0757484166767417,False,False,0
2025-01-22,CNP,1029.24,1059.7183831881828,0.02961251329931091,-0.00023318176518594136,True,True,1
2025-01-22,DUK,1028.0,1037.787573216266,0.009520985618935877,0.00693579766536967,True,True,0
2025-01-22,EVRG,1096.46,1128.459830342852,0.029184676452266353,0.004167958703463759,True,True,1
2025-01-22,F,973.75,956.658707919952,-0.017552032944850315,0.0019306803594352218,False,False,0
2025-01-22,JD,1122.0,1166.766250881878,0.03989861932431196,0.021809269162210265,True,True,2
2025-01-22,LCID,802.5,903.2308347895922,0.1255212894574358,0.0035887850467288818,True,False,3
2025-01-22,NEE,1148.3799999999999,1119.093608235829,-0.02550235267435079,0.0013148957662099114,False,False,0
2025-01-22,RIVN,898.81,1176.991039250226,0.3094992704244792,-0.008845028426474943,True,False,4
2025-01-22,SHOPCN,1021.5,1037.278760846612,0.015446657705934343,0.02432697014194818,True,True,0
2025-01-22,SMCI,893.75,1045.587614970883,0.169888240526862,0.0,True,False,3
2025-01-22,SO,1045.03,1062.4984879011868,0.016715776486021253,0.002296584787039535,True,True,1
2025-01-22,SPOT,1119.3300000000002,1093.2741483034497,-0.023278078579641804,0.048850651729159145,False,False,0
2025-01-22,UBER,1177.6399999999999,1217.899167308382,0.03418631101897191,-0.012066505893142065,True,True,1
2025-01-22,WEC,1094.43,1138.391523600033,0.04016841972536657,0.007592993613113608,True,False,2
2025-01-29,ABNB,944.5,952.5065244000308,0.008476997776633985,0.002117522498676472,True,True,0
2025-01-29,BABA,1156.72,1135.934885808797,-0.017969010816103373,0.019546649145860906,False,False,0
2025-01-29,CNP,1029.0,1059.033605533225,0.02918717738894558,-0.0006511175898932242,True,True,1
2025-01-29,DUK,1035.13,1045.063456502997,0.009596337177936039,0.01059770270400806,True,True,0
2025-01-29,EVRG,1101.03,1132.3854192054782,0.028478260542835577,0.010081469169777257,True,True,1
2025-01-29,F,975.63,960.9549333191054,-0.015041631234068846,0.005124893658456697,False,False,0
2025-01-29,JD,1146.47,1187.4492909790938,0.035743884252613475,-0.00871370380385006,True,True,1
2025-01-29,LCID,805.38,907.73224485785,0.12708565504215402,0.01232958355062208,True,False,3
2025-01-29,NEE,1149.89,1140.123743153309,-0.008493209651958902,-0.008165998486811876,False,False,0
2025-01-29,RIVN,890.86,1171.3776162707418,0.31488406289511456,0.0041196147542823525,True,False,4
2025-01-29,SHOPCN,1046.3500000000001,1055.7791317839412,0.009011451028758161,0.019381660056386307,True,True,0
2025-01-29,SMCI,893.75,1003.6277975584118,0.12294019307234884,0.0027412587412587452,True,False,3
2025-01-29,SO,1047.4299999999998,1063.3462756230294,0.015195550655441994,0.004916796349159425,True,True,0
2025-01-29,SPOT,1174.01,1148.6205027142523,-0.021626304107927246,0.10132792736007357,False,False,0
2025-01-29,UBER,1163.43,1207.4053302841703,0.03779800270250057,-0.017448406865905097,True,True,1
2025-01-29,WEC,1102.74,1143.2809533583236,0.036763836768706655,0.013647822696193135,True,True,1
2025-02-05,ABNB,946.5,953.1110124649248,0.0069846935709717735,0.0012678288431060558,True,True,0
2025-02-05,BABA,1179.3300000000002,1158.7500454229428,-0.01745054783398826,0.12291724962478678,False,False,0
2025-02-05,CNP,1028.33,1059.6873993649438,0.030493518000003727,0.0019449009559189268,True,True,1
2025-02-05,DUK,1046.1,1057.012946826958,0.010432030233207129,0.0050473186119874835,True,True,0
2025-02-05,EVRG,1112.1299999999999,1153.1345200503476,0.036870258018709835,0.017219209984444372,True,True,1
2025-02-05,F,980.63,958.9646858713644,-0.022093260586190103,-0.019762805543375173,False,False,0
2025-02-05,JD,1136.48,1183.5544283331287,0.04142125539660065,-0.00512107560185826,True,False,2
2025-02-05,LCID,815.3100000000001,910.5894873565858,0.11686289553247932,0.02411352736995731,True,False,3
2025-02-05,NEE,1140.5,1124.1083526188604,-0.014372334398193416,-0.001402893467777222,False,False,0
2025-02-05,RIVN,894.53,1187.7979585114,0.3278458615266119,-0.007691189786815378,True,False,4
2025-02-05,SHOPCN,1066.6299999999999,1071.00698856808,0.004103567842719735,-0.0067502320392262005,True,True,0
2025-02-05,SMCI,896.2,1039.686362077567,0.16010529131618728,0.12000669493416649,True,False,3
2025-02-05,SO,1052.58,1069.428520491657,0.0160068788041357,0.006469817021033997,True,True,0
2025-02-05,SPOT,1292.97,1280.4929753221309,-0.009649894953378011,0.015445060596920301,False,False,0
2025-02-05,UBER,1143.13,1188.7473891677475,0.03990568803875975,0.12152598567092121,True,True,2
2025-02-05,WEC,1117.79,1163.977338535798,0.041320228786979725,0.009116202506732174,True,False,2
2025-02-12,ABNB,947.6999999999999,953.754872745537,0.006389018408290671,0.009074601667194315,True,True,0
2025-02-12,BABA,1324.29,1298.4922340280332,-0.019480450635409756,0.0503062018138023,False,False,0
2025-02-12,CNP,1030.33,1062.0856504217302,0.03082085392226787,0.020954451486416836,True,True,1
2025-02-12,DUK,1051.38,1066.8982509360235,0.01475988789593047,-0.012193498069204445,True,True,0
2025-02-12,EVRG,1131.28,1167.094455707099,0.0316583478069966,0.009626264054875877,True,True,1
2025-02-12,F,961.25,949.2801777212331,-0.012452350875180084,0.004421326397919367,False,False,0
2025-02-12,JD,1130.66,1171.7185078271891,0.03631375287636339,-0.0026444731395821597,True,True,1
2025-02-12,LCID,834.97,909.2679009623416,0.0889827190945083,0.0180006467298226,True,False,3
2025-02-12,NEE,1138.9,1122.536610537853,-0.014367713989065849,-0.008745280533848487,False,False,0
2025-02-12,RIVN,887.65,1170.3183901019802,0.31844577266037316,0.0595054357010083,True,False,4
2025-02-12,SHOPCN,1059.43,1067.9791225891229,0.008069549275669762,0.016622145870892835,True,True,0
2025-02-12,SMCI,1003.75,1105.512243668789,0.10138206094026311,0.16460273972602746,True,False,3
2025-02-12,SO,1059.3899999999999,1081.8872323916128,0.02123602487432664,0.002841257704905731,True,True,1
2025-02-12,SPOT,1312.94,1303.086721363799,-0.0075047440371998255,-0.006877694334851747,False,False,0
2025-02-12,UBER,1282.0500000000002,1339.259930725084,0.04462379058935589,0.002589602589602613,True,False,2
2025-02-12,WEC,1127.98,1171.1079803052892,0.03823470301360765,0.009459387577793743,True,True,2
2025-02-19,ABNB,956.3,960.4974242891532,0.004389233806497144,,True,True,0
2025-02-19,BABA,1390.91,1361.3726150628042,-0.021236014506471185,,False,False,0
2025-02-19,CNP,1051.9199999999998,1060.113309122108,0.007788908968465355,,True,True,0
2025-02-19,DUK,1038.56,1050.7206725659526,0.011709167083223511,,True,True,0
2025-02-19,EVRG,1142.17,1178.1774275140435,0.03152545375385753,,True,True,1
2025-02-19,F,965.5,949.4113839290656,-0.016663507064665406,,False,False,0
2025-02-19,JD,1127.67,1173.3112096054674,0.040473906023453084,,True,False,2
2025-02-19,LCID,850.0,913.23455637457,0.07439359573478829,,True,False,2
2025-02-19,NEE,1128.94,1120.4188965739334,-0.007547879804123072,,False,False,0
2025-02-19,RIVN,940.47,1227.0680765681443,0.30473920121656645,,True,False,4
2025-02-19,SHOPCN,1077.04,1091.6272739347269,0.013543855320811584,,True,True,0
2025-02-19,SMCI,1168.97,1301.0026227259395,0.11294782819571034,,True,False,3
2025-02-19,SO,1062.3999999999999,1081.7080756167636,0.018174016958550213,,True,True,1
2025-02-19,SPOT,1303.9099999999999,1306.0621134671885,0.0016505076785887493,,True,True,0
2025-02-19,UBER,1285.3700000000001,1363.0131885928786,0.06040532188621055,,True,False,2
2025-02-19,WEC,1138.6499999999999,1180.38422330836,0.036652371939015715,,True,True,1
